county_fips,TractLOWI,TractHUNV,TractSNAP,LAPOP1_10,LAPOP1_20,state_abbr,state_name,DIABETES,OBESITY
01001,17243.0,1191.0,2692.0,18503.0,13384.0,AL,Alabama,11.5,39.099999999999994
01003,57843.0,2705.0,5926.0,45789.0,43481.0,AL,Alabama,11.2,37.3
01005,12073.0,849.0,2516.0,5636.0,993.0,AL,Alabama,17.0,43.349999999999994
01007,7968.0,410.0,849.0,365.0,0.0,AL,Alabama,13.25,39.75
01009,20795.0,856.0,1966.0,3902.0,3902.0,AL,Alabama,11.65,37.8
01011,4767.0,423.0,936.0,7480.0,4897.0,AL,Alabama,20.0,49.05
01013,9473.0,520.0,1248.0,2508.0,1174.0,AL,Alabama,15.65,41.8
01015,46441.0,2599.0,8042.0,42576.0,42576.0,AL,Alabama,13.05,38.8
01017,14986.0,989.0,1985.0,6746.0,6066.0,AL,Alabama,14.95,43.95
01019,10793.0,435.0,1682.0,3506.0,3415.0,AL,Alabama,13.1,37.9
01021,18053.0,823.0,3047.0,4446.0,3973.0,AL,Alabama,12.6,42.45
01023,6032.0,542.0,1321.0,3373.0,0.0,AL,Alabama,16.85,44.7
01025,10858.0,957.0,1829.0,10185.0,6468.0,AL,Alabama,15.950000000000001,43.25
01027,5793.0,218.0,820.0,978.0,0.0,AL,Alabama,13.600000000000001,41.650000000000006
01029,6156.0,231.0,874.0,891.0,0.0,AL,Alabama,12.4,36.25
01031,17065.0,1189.0,2532.0,16060.0,13623.0,AL,Alabama,12.25,39.6
01033,19849.0,1322.0,2601.0,17904.0,16891.0,AL,Alabama,12.2,39.349999999999994
01035,7228.0,309.0,813.0,3487.0,0.0,AL,Alabama,17.1,45.099999999999994
01037,4275.0,182.0,422.0,2607.0,0.0,AL,Alabama,14.2,39.15
01039,14659.0,785.0,2155.0,4878.0,1939.0,AL,Alabama,13.4,40.2
01041,5976.0,332.0,938.0,4101.0,0.0,AL,Alabama,13.649999999999999,38.25
01043,32859.0,1279.0,3677.0,6772.0,5697.0,AL,Alabama,11.350000000000001,37.8
01045,19872.0,1023.0,3582.0,11622.0,10946.0,AL,Alabama,13.2,38.8
01047,22264.0,2205.0,5071.0,6672.0,2533.0,AL,Alabama,18.1,44.45
01049,34839.0,1391.0,4953.0,0.0,0.0,AL,Alabama,13.65,41.1
01051,21295.0,1364.0,3711.0,15066.0,15043.0,AL,Alabama,11.35,38.95
01053,17133.0,657.0,2270.0,4078.0,1952.0,AL,Alabama,15.55,45.8
01055,39751.0,2441.0,5477.0,42464.0,42464.0,AL,Alabama,12.600000000000001,39.349999999999994
01057,7464.0,483.0,1282.0,163.0,0.0,AL,Alabama,13.899999999999999,37.7
01059,14714.0,567.0,1989.0,4491.0,3598.0,AL,Alabama,13.649999999999999,39.1
01061,11847.0,573.0,1957.0,2243.0,2235.0,AL,Alabama,14.350000000000001,41.7
01063,5609.0,442.0,1234.0,2971.0,0.0,AL,Alabama,23.200000000000003,51.7
01065,7473.0,704.0,1535.0,2389.0,0.0,AL,Alabama,17.5,46.0
01067,6749.0,369.0,1156.0,3963.0,3723.0,AL,Alabama,13.600000000000001,38.4
01069,41452.0,2438.0,5777.0,14398.0,13691.0,AL,Alabama,12.85,39.6
01071,23625.0,940.0,2611.0,5640.0,2595.0,AL,Alabama,13.149999999999999,37.8
01073,228848.0,19981.0,38355.0,226576.0,222135.0,AL,Alabama,13.35,39.3
01075,6472.0,426.0,1052.0,89.0,0.0,AL,Alabama,13.25,38.7
01077,33645.0,2698.0,4930.0,15761.0,14933.0,AL,Alabama,11.850000000000001,37.55
01079,12204.0,705.0,1979.0,4275.0,2061.0,AL,Alabama,13.25,41.5
01081,60220.0,2739.0,6945.0,47074.0,46277.0,AL,Alabama,11.100000000000001,38.2
01083,27973.0,1171.0,3673.0,14118.0,13809.0,AL,Alabama,11.3,36.900000000000006
01085,5542.0,562.0,1351.0,4411.0,0.0,AL,Alabama,19.4,47.349999999999994
01087,8453.0,989.0,1849.0,8996.0,6795.0,AL,Alabama,17.75,46.849999999999994
01089,98310.0,7103.0,15387.0,116443.0,116097.0,AL,Alabama,10.85,41.95
01091,9424.0,805.0,1635.0,5807.0,1857.0,AL,Alabama,16.6,47.150000000000006
01093,13733.0,568.0,1809.0,932.0,0.0,AL,Alabama,12.9,39.2
01095,41608.0,1675.0,5436.0,20717.0,20717.0,AL,Alabama,12.350000000000001,34.650000000000006
01097,160804.0,10391.0,26542.0,103439.0,102592.0,AL,Alabama,14.45,40.55
01099,11215.0,900.0,1293.0,4295.0,3.0,AL,Alabama,16.7,44.05
01101,89134.0,7595.0,17187.0,63497.0,58337.0,AL,Alabama,15.25,38.1
01103,42034.0,2415.0,6162.0,27035.0,26699.0,AL,Alabama,12.5,42.75
01105,5880.0,436.0,1195.0,4187.0,0.0,AL,Alabama,20.75,51.45
01107,8732.0,731.0,1214.0,820.0,0.0,AL,Alabama,15.549999999999999,44.9
01109,15313.0,899.0,1901.0,7628.0,6246.0,AL,Alabama,13.35,40.0
01111,9319.0,605.0,1294.0,6718.0,3779.0,AL,Alabama,13.7,40.0
01113,24801.0,2230.0,4359.0,7885.0,4069.0,AL,Alabama,14.95,43.9
01115,28006.0,979.0,3497.0,8084.0,8084.0,AL,Alabama,11.350000000000001,39.45
01117,44234.0,2305.0,4258.0,67198.0,66845.0,AL,Alabama,9.600000000000001,33.45
01119,7677.0,667.0,1495.0,2483.0,21.0,AL,Alabama,19.049999999999997,46.25
01121,34553.0,2466.0,5464.0,15308.0,15271.0,AL,Alabama,14.65,42.1
01123,17530.0,1477.0,3312.0,3099.0,872.0,AL,Alabama,14.15,41.2
01125,70697.0,4166.0,7255.0,41787.0,38521.0,AL,Alabama,12.350000000000001,40.85
01127,27048.0,1434.0,4050.0,5793.0,5626.0,AL,Alabama,12.65,38.05
01129,7417.0,221.0,980.0,1966.0,0.0,AL,Alabama,15.05,41.75
01131,5842.0,612.0,931.0,4897.0,5.0,AL,Alabama,20.0,48.2
01133,10985.0,666.0,1337.0,1033.0,0.0,AL,Alabama,13.2,39.150000000000006
02013,1197.0,198.0,111.0,1226.0,1119.0,AK,Alaska,12.85,31.700000000000003
02016,1535.0,193.0,70.0,1190.0,1185.0,AK,Alaska,10.850000000000001,30.950000000000003
02020,61216.0,6206.0,9280.0,82856.0,82264.0,AK,Alaska,7.85,32.95
02050,9730.0,2573.0,1796.0,11678.0,10058.0,AK,Alaska,15.350000000000001,42.95
02060,179.0,33.0,19.0,561.0,7.0,AK,Alaska,9.649999999999999,36.0
02068,805.0,21.0,36.0,1826.0,1822.0,AK,Alaska,8.600000000000001,28.15
02070,2211.0,544.0,375.0,2462.0,1730.0,AK,Alaska,13.4,40.650000000000006
02090,21665.0,1560.0,2529.0,37788.0,37058.0,AK,Alaska,7.7,33.55
02100,646.0,73.0,79.0,519.0,434.0,AK,Alaska,10.45,32.65
02105,678.0,241.0,112.0,2137.0,2047.0,AK,Alaska,12.0,38.900000000000006
02110,5085.0,1127.0,1030.0,6475.0,6348.0,AK,Alaska,7.65,31.15
02122,16596.0,1435.0,2090.0,13103.0,5876.0,AK,Alaska,9.0,31.6
02130,3461.0,601.0,787.0,216.0,201.0,AK,Alaska,9.15,33.45
02150,3544.0,411.0,403.0,5801.0,4812.0,AK,Alaska,8.95,30.1
02158,0.0,0.0,0.0,0.0,0.0,AK,Alaska,18.450000000000003,48.45
02164,568.0,201.0,102.0,1631.0,1630.0,AK,Alaska,12.6,39.95
02170,24599.0,1010.0,3178.0,25703.0,21618.0,AK,Alaska,8.0,35.5
02180,4585.0,1639.0,914.0,2196.0,2178.0,AK,Alaska,13.350000000000001,40.7
02185,2499.0,751.0,343.0,3575.0,3469.0,AK,Alaska,10.5,37.0
02188,3799.0,1222.0,641.0,3473.0,2793.0,AK,Alaska,13.6,40.7
02195,692.0,185.0,130.0,168.0,58.0,AK,Alaska,8.85,30.85
02198,2262.0,255.0,414.0,1262.0,1043.0,AK,Alaska,12.350000000000001,39.400000000000006
02220,1754.0,476.0,296.0,3066.0,3066.0,AK,Alaska,8.8,31.9
02230,185.0,31.0,11.0,3.0,0.0,AK,Alaska,7.95,33.65
02240,1921.0,114.0,191.0,2090.0,1189.0,AK,Alaska,9.15,34.3
02275,787.0,148.0,148.0,506.0,161.0,AK,Alaska,10.95,33.650000000000006
02282,256.0,21.0,20.0,2.0,0.0,AK,Alaska,11.35,36.1
02290,2614.0,985.0,607.0,5005.0,5005.0,AK,Alaska,14.45,37.45
04001,42944.0,2460.0,5226.0,39133.0,19401.0,AZ,Arizona,16.5,37.55
04003,47428.0,2733.0,7995.0,57659.0,45303.0,AZ,Arizona,10.95,33.9
04005,49457.0,2368.0,5496.0,43627.0,37898.0,AZ,Arizona,9.25,25.5
04007,24058.0,1277.0,3712.0,15131.0,10459.0,AZ,Arizona,11.9,36.25
04009,13824.0,630.0,1847.0,14756.0,13423.0,AZ,Arizona,11.100000000000001,36.099999999999994
04011,3181.0,92.0,246.0,2777.0,1718.0,AZ,Arizona,9.85,31.1
04012,10414.0,617.0,1297.0,10938.0,8398.0,AZ,Arizona,14.0,33.95
04013,1382179.0,93549.0,154166.0,794960.0,774945.0,AZ,Arizona,9.95,30.85
04015,86606.0,4551.0,12982.0,91819.0,77512.0,AZ,Arizona,12.399999999999999,35.400000000000006
04017,55882.0,3334.0,7990.0,47861.0,31279.0,AZ,Arizona,14.100000000000001,38.1
04019,381408.0,33547.0,54363.0,280815.0,266003.0,AZ,Arizona,9.8,32.35
04021,139151.0,5973.0,16169.0,171859.0,160008.0,AZ,Arizona,11.1,37.35
04023,25061.0,805.0,4208.0,17205.0,15035.0,AZ,Arizona,14.0,35.2
04025,76339.0,3747.0,8918.0,75446.0,60803.0,AZ,Arizona,9.850000000000001,27.15
04027,97328.0,4328.0,13741.0,48385.0,46417.0,AZ,Arizona,13.65,39.95
05001,8129.0,791.0,1339.0,8947.0,7097.0,AR,Arkansas,12.350000000000001,38.0
05003,9348.0,678.0,1546.0,4755.0,2542.0,AR,Arkansas,15.1,42.0
05005,15439.0,681.0,1817.0,6820.0,6068.0,AR,Arkansas,12.15,35.25
05007,73657.0,3055.0,5342.0,55100.0,54371.0,AR,Arkansas,9.55,34.75
05009,15487.0,826.0,2292.0,7707.0,2961.0,AR,Arkansas,11.15,39.0
05011,4985.0,424.0,884.0,2735.0,4.0,AR,Arkansas,14.4,42.2
05013,2069.0,111.0,211.0,3516.0,442.0,AR,Arkansas,12.05,41.95
05015,11281.0,590.0,890.0,4498.0,3111.0,AR,Arkansas,11.85,36.6
05017,5500.0,688.0,1072.0,3848.0,3250.0,AR,Arkansas,18.15,46.900000000000006
05019,8370.0,592.0,1115.0,6091.0,871.0,AR,Arkansas,11.850000000000001,41.0
05021,7191.0,570.0,1082.0,2586.0,2157.0,AR,Arkansas,12.5,39.1
05023,9232.0,298.0,855.0,4524.0,1210.0,AR,Arkansas,12.3,37.45
05025,3381.0,174.0,456.0,1920.0,0.0,AR,Arkansas,12.5,40.45
05027,10741.0,476.0,1668.0,4795.0,3309.0,AR,Arkansas,13.4,40.55
05029,8611.0,594.0,1176.0,4706.0,1912.0,AR,Arkansas,13.3,40.7
05031,42534.0,3084.0,5587.0,20573.0,19831.0,AR,Arkansas,10.65,42.45
05033,25225.0,927.0,2926.0,21298.0,17868.0,AR,Arkansas,12.05,39.5
05035,22974.0,2033.0,3862.0,11468.0,6737.0,AR,Arkansas,14.399999999999999,43.8
05037,6877.0,471.0,920.0,5212.0,1842.0,AR,Arkansas,13.25,43.1
05039,3116.0,344.0,577.0,4218.0,1793.0,AR,Arkansas,14.55,40.2
05041,6336.0,800.0,1369.0,4221.0,3038.0,AR,Arkansas,17.25,45.1
05043,7260.0,467.0,1051.0,4469.0,2722.0,AR,Arkansas,12.75,40.85
05045,42949.0,2134.0,4551.0,37149.0,35669.0,AR,Arkansas,10.05,36.25
05047,7927.0,369.0,1047.0,847.0,0.0,AR,Arkansas,12.95,39.849999999999994
05049,5880.0,231.0,813.0,1703.0,0.0,AR,Arkansas,14.049999999999999,40.5
05051,39264.0,3069.0,4872.0,28068.0,25569.0,AR,Arkansas,11.45,36.35
05053,6526.0,172.0,684.0,6335.0,4382.0,AR,Arkansas,10.4,39.45
05055,17283.0,766.0,2624.0,7580.0,5717.0,AR,Arkansas,11.65,39.6
05057,10395.0,562.0,1110.0,7142.0,4041.0,AR,Arkansas,14.8,44.7
05059,13247.0,721.0,2047.0,8209.0,3840.0,AR,Arkansas,12.3,35.6
05061,6257.0,420.0,865.0,4796.0,2059.0,AR,Arkansas,13.55,41.15
05063,15058.0,617.0,1527.0,4428.0,1989.0,AR,Arkansas,11.5,37.3
05065,5302.0,248.0,648.0,126.0,0.0,AR,Arkansas,12.600000000000001,37.5
05067,7506.0,369.0,1226.0,4938.0,4117.0,AR,Arkansas,13.4,40.05
05069,29406.0,2764.0,5290.0,20134.0,17879.0,AR,Arkansas,14.7,43.099999999999994
05071,13142.0,482.0,1361.0,6962.0,4801.0,AR,Arkansas,12.9,38.5
05073,3429.0,261.0,550.0,1609.0,0.0,AR,Arkansas,17.1,43.15
05075,7230.0,380.0,1000.0,6612.0,2416.0,AR,Arkansas,11.850000000000001,38.8
05077,4016.0,548.0,978.0,4652.0,1527.0,AR,Arkansas,17.65,46.849999999999994
05079,4025.0,335.0,636.0,4695.0,0.0,AR,Arkansas,12.45,41.45
05081,5096.0,451.0,918.0,406.0,0.0,AR,Arkansas,12.25,40.6
05083,10042.0,400.0,1418.0,3626.0,2121.0,AR,Arkansas,12.1,40.05
05085,22628.0,1121.0,2946.0,11243.0,10305.0,AR,Arkansas,9.649999999999999,37.0
05087,6959.0,337.0,596.0,4110.0,160.0,AR,Arkansas,12.0,38.7
05089,7584.0,426.0,916.0,1671.0,0.0,AR,Arkansas,12.75,37.349999999999994
05091,18405.0,1323.0,2302.0,11770.0,10969.0,AR,Arkansas,13.1,38.150000000000006
05093,21600.0,1656.0,3771.0,7877.0,7777.0,AR,Arkansas,13.85,39.2
05095,3515.0,427.0,746.0,2308.0,1619.0,AR,Arkansas,15.9,42.85
05097,3890.0,210.0,574.0,2187.0,0.0,AR,Arkansas,13.5,37.7
05099,4345.0,201.0,738.0,4874.0,2528.0,AR,Arkansas,14.15,40.1
05101,3272.0,116.0,341.0,2405.0,136.0,AR,Arkansas,11.75,39.849999999999994
05103,11630.0,977.0,1799.0,9053.0,4150.0,AR,Arkansas,14.8,40.0
05105,4117.0,221.0,520.0,1490.0,0.0,AR,Arkansas,11.6,37.85
05107,10291.0,1305.0,2210.0,7851.0,3023.0,AR,Arkansas,18.1,42.95
05109,5101.0,217.0,565.0,2604.0,50.0,AR,Arkansas,11.9,37.25
05111,11374.0,659.0,1900.0,4745.0,3175.0,AR,Arkansas,13.2,45.150000000000006
05113,10440.0,531.0,1147.0,6680.0,47.0,AR,Arkansas,12.55,35.4
05115,26500.0,1244.0,2830.0,14370.0,12908.0,AR,Arkansas,11.5,37.849999999999994
05117,3573.0,258.0,473.0,388.0,0.0,AR,Arkansas,11.8,36.6
05119,145351.0,11466.0,16795.0,126455.0,125874.0,AR,Arkansas,11.65,38.95
05121,8463.0,437.0,1167.0,2917.0,431.0,AR,Arkansas,12.600000000000001,42.0
05123,12238.0,1221.0,2241.0,13344.0,10138.0,AR,Arkansas,17.0,48.55
05125,29371.0,1732.0,3269.0,31898.0,29277.0,AR,Arkansas,10.05,35.1
05127,5570.0,331.0,736.0,3862.0,2123.0,AR,Arkansas,12.6,39.45
05129,3959.0,235.0,444.0,2693.0,0.0,AR,Arkansas,14.05,39.0
05131,54366.0,3412.0,7354.0,16618.0,16330.0,AR,Arkansas,12.100000000000001,38.5
05133,7942.0,251.0,893.0,5002.0,2378.0,AR,Arkansas,13.7,42.4
05135,8988.0,312.0,1354.0,5995.0,4684.0,AR,Arkansas,13.6,39.95
05137,6119.0,212.0,902.0,3097.0,0.0,AR,Arkansas,14.15,40.7
05139,16218.0,765.0,2255.0,11733.0,7755.0,AR,Arkansas,13.0,39.0
05141,7785.0,394.0,1014.0,1799.0,0.0,AR,Arkansas,13.45,39.9
05143,87091.0,5185.0,6586.0,28344.0,26907.0,AR,Arkansas,9.85,32.9
05145,30153.0,1791.0,3450.0,18205.0,13515.0,AR,Arkansas,11.399999999999999,36.65
05147,2968.0,310.0,771.0,486.0,0.0,AR,Arkansas,14.9,39.7
05149,9961.0,363.0,991.0,3633.0,1398.0,AR,Arkansas,12.95,37.25
06001,369977.0,54816.0,37448.0,122079.0,121958.0,CA,California,9.75,24.950000000000003
06003,439.0,18.0,35.0,669.0,121.0,CA,California,10.3,29.1
06005,8946.0,773.0,1059.0,66.0,0.0,CA,California,10.3,29.65
06007,90612.0,6232.0,10360.0,42052.0,40894.0,CA,California,10.25,30.35
06009,14011.0,431.0,1502.0,6717.0,6661.0,CA,California,11.350000000000001,30.6
06011,8018.0,386.0,1083.0,8424.0,2583.0,CA,California,12.5,33.25
06013,246448.0,21438.0,25060.0,243671.0,243671.0,CA,California,9.8,24.450000000000003
06015,11470.0,942.0,1692.0,9844.0,7079.0,CA,California,12.0,32.75
06017,39396.0,2850.0,4217.0,45667.0,45460.0,CA,California,9.0,28.25
06019,452590.0,25805.0,61296.0,124000.0,117608.0,CA,California,12.649999999999999,36.7
06021,12511.0,484.0,1082.0,6594.0,5354.0,CA,California,12.05,31.65
06023,58132.0,4133.0,6681.0,15060.0,10221.0,CA,California,10.7,32.85
06025,81640.0,3242.0,9452.0,30789.0,21156.0,CA,California,15.05,37.75
06027,4796.0,552.0,689.0,5357.0,2317.0,CA,California,10.5,29.35
06029,399140.0,18281.0,45497.0,199597.0,183864.0,CA,California,12.9,36.5
06031,60987.0,2730.0,7223.0,50526.0,50469.0,CA,California,12.4,34.95
06033,27973.0,1781.0,2973.0,2703.0,2623.0,CA,California,12.1,33.7
06035,6484.0,560.0,783.0,11130.0,5360.0,CA,California,10.65,32.05
06037,3651509.0,298364.0,290880.0,641326.0,638136.0,CA,California,12.1,28.5
06039,65350.0,2675.0,7894.0,21866.0,21272.0,CA,California,12.9,35.8
06041,44229.0,5130.0,3129.0,30005.0,29362.0,CA,California,8.3,23.0
06043,5927.0,248.0,819.0,1473.0,0.0,CA,California,10.95,29.85
06045,35558.0,2138.0,3905.0,12722.0,9423.0,CA,California,11.4,31.45
06047,130470.0,5801.0,15683.0,48443.0,46954.0,CA,California,13.05,32.75
06049,3898.0,146.0,346.0,3927.0,1688.0,CA,California,12.25,32.900000000000006
06051,4034.0,127.0,203.0,8109.0,5304.0,CA,California,9.399999999999999,29.700000000000003
06053,156606.0,5984.0,8959.0,69025.0,64102.0,CA,California,11.65,27.4
06055,32363.0,2454.0,2225.0,16494.0,15540.0,CA,California,9.8,27.9
06057,27064.0,1689.0,2542.0,34333.0,33824.0,CA,California,9.45,27.55
06059,842554.0,45380.0,66052.0,261045.0,261045.0,CA,California,10.05,25.35
06061,70175.0,5405.0,5799.0,111251.0,110037.0,CA,California,8.5,26.4
06063,5490.0,453.0,688.0,1261.0,0.0,CA,California,10.7,29.45
06065,820194.0,30713.0,69908.0,536040.0,525730.0,CA,California,11.55,36.1
06067,509721.0,37651.0,62142.0,238546.0,236840.0,CA,California,11.0,31.799999999999997
06069,15632.0,424.0,1630.0,9879.0,9365.0,CA,California,10.7,31.05
06071,806627.0,32180.0,96733.0,501808.0,494203.0,CA,California,12.350000000000001,38.1
06073,944867.0,61486.0,81106.0,462035.0,453560.0,CA,California,10.05,23.799999999999997
06075,192988.0,109968.0,16968.0,4706.0,4706.0,CA,California,9.45,18.75
06077,266472.0,14450.0,32857.0,98777.0,98546.0,CA,California,12.05,33.3
06079,73535.0,4557.0,5019.0,50210.0,46894.0,CA,California,9.55,29.75
06081,134732.0,14038.0,9215.0,75563.0,74131.0,CA,California,9.5,21.15
06083,149633.0,8052.0,11748.0,51900.0,49072.0,CA,California,10.55,29.35
06085,358741.0,32645.0,29566.0,151214.0,150968.0,CA,California,9.3,18.6
06087,80176.0,5234.0,8222.0,59254.0,59240.0,CA,California,9.25,24.75
06089,65946.0,4788.0,7670.0,35905.0,31851.0,CA,California,10.3,30.9
06091,814.0,67.0,162.0,2859.0,105.0,CA,California,10.7,29.9
06093,18404.0,1350.0,2341.0,12860.0,7701.0,CA,California,11.8,32.7
06095,110345.0,7541.0,13493.0,89524.0,89464.0,CA,California,10.85,29.9
06097,124452.0,9223.0,12254.0,64341.0,62273.0,CA,California,9.350000000000001,28.6
06099,211750.0,11100.0,25313.0,49752.0,49143.0,CA,California,11.85,34.75
06101,37496.0,1934.0,4113.0,25089.0,23747.0,CA,California,11.65,31.5
06103,29198.0,1802.0,3373.0,12115.0,8904.0,CA,California,11.95,34.1
06105,5323.0,320.0,641.0,2428.0,449.0,CA,California,13.149999999999999,33.1
06107,236187.0,8274.0,30496.0,49420.0,45756.0,CA,California,13.55,35.35
06109,15324.0,1055.0,2194.0,15411.0,15188.0,CA,California,10.149999999999999,29.35
06111,216567.0,11400.0,19500.0,122611.0,122393.0,CA,California,10.25,26.95
06113,74501.0,5482.0,6685.0,27477.0,21144.0,CA,California,9.7,26.8
06115,28396.0,1852.0,4109.0,15487.0,15206.0,CA,California,10.95,33.9
08001,149580.0,7794.0,16254.0,79140.0,77961.0,CO,Colorado,8.45,31.450000000000003
08003,7480.0,506.0,1480.0,4278.0,3605.0,CO,Colorado,10.7,29.7
08005,148437.0,11799.0,16227.0,78022.0,76983.0,CO,Colorado,7.6,25.35
08007,4343.0,65.0,440.0,4940.0,3953.0,CO,Colorado,9.35,24.75
08009,1596.0,100.0,220.0,956.0,298.0,CO,Colorado,10.649999999999999,28.450000000000003
08011,1970.0,167.0,459.0,808.0,54.0,CO,Colorado,12.15,32.8
08013,75306.0,6707.0,6699.0,50451.0,49847.0,CO,Colorado,6.5,17.15
08014,9593.0,821.0,831.0,21134.0,21134.0,CO,Colorado,6.25,25.950000000000003
08015,5902.0,485.0,476.0,1924.0,1137.0,CO,Colorado,8.5,24.75
08017,624.0,16.0,89.0,622.0,443.0,CO,Colorado,8.9,26.4
08019,1846.0,116.0,292.0,1116.0,0.0,CO,Colorado,7.25,24.15
08021,4275.0,195.0,705.0,466.0,48.0,CO,Colorado,12.25,30.299999999999997
08023,2196.0,164.0,493.0,3524.0,2928.0,CO,Colorado,14.5,31.65
08025,2250.0,64.0,221.0,107.0,37.0,CO,Colorado,11.399999999999999,32.900000000000006
08027,1789.0,47.0,148.0,1036.0,0.0,CO,Colorado,9.1,24.5
08029,12136.0,595.0,1544.0,2725.0,2363.0,CO,Colorado,10.15,27.25
08031,213745.0,29335.0,26362.0,64735.0,64735.0,CO,Colorado,7.15,22.0
08033,692.0,12.0,64.0,2064.0,1666.0,CO,Colorado,8.85,26.05
08035,29241.0,2389.0,2169.0,78035.0,76243.0,CO,Colorado,5.9,23.35
08037,12954.0,304.0,459.0,8271.0,7700.0,CO,Colorado,7.35,21.549999999999997
08039,4022.0,180.0,323.0,6106.0,1421.0,CO,Colorado,7.6,23.35
08041,183119.0,10895.0,24307.0,177463.0,167923.0,CO,Colorado,7.45,27.950000000000003
08043,13524.0,937.0,2479.0,24170.0,21242.0,CO,Colorado,9.5,29.15
08045,15449.0,599.0,1272.0,9932.0,9705.0,CO,Colorado,7.8,25.2
08047,741.0,126.0,125.0,0.0,0.0,CO,Colorado,7.4,26.0
08049,3992.0,140.0,317.0,419.0,0.0,CO,Colorado,7.65,22.6
08051,5340.0,197.0,444.0,1499.0,413.0,CO,Colorado,6.75,23.6
08053,305.0,10.0,13.0,99.0,2.0,CO,Colorado,7.9,24.1
08055,2707.0,285.0,523.0,2435.0,666.0,CO,Colorado,10.95,28.6
08057,447.0,9.0,33.0,381.0,50.0,CO,Colorado,9.8,28.3
08059,107015.0,9242.0,10504.0,123877.0,123640.0,CO,Colorado,7.05,24.25
08061,536.0,29.0,85.0,1398.0,1289.0,CO,Colorado,9.649999999999999,27.9
08063,2553.0,128.0,233.0,2167.0,247.0,CO,Colorado,9.7,30.35
08065,3231.0,139.0,290.0,3306.0,3306.0,CO,Colorado,7.7,23.799999999999997
08067,12989.0,571.0,921.0,7623.0,4272.0,CO,Colorado,7.4,21.55
08069,87864.0,5486.0,8583.0,69675.0,67177.0,CO,Colorado,6.9,24.4
08071,5660.0,618.0,1338.0,4930.0,2081.0,CO,Colorado,11.649999999999999,30.75
08073,1165.0,73.0,171.0,1254.0,674.0,CO,Colorado,9.5,29.5
08075,7587.0,695.0,981.0,5493.0,2097.0,CO,Colorado,9.350000000000001,30.2
08077,47972.0,2860.0,7030.0,47674.0,42775.0,CO,Colorado,8.6,28.75
08079,221.0,6.0,8.0,91.0,29.0,CO,Colorado,7.6,23.450000000000003
08081,4651.0,262.0,611.0,5813.0,5020.0,CO,Colorado,9.399999999999999,28.9
08083,9533.0,255.0,1364.0,3679.0,1171.0,CO,Colorado,9.5,27.1
08085,14698.0,957.0,2030.0,9076.0,7872.0,CO,Colorado,9.25,25.75
08087,10149.0,490.0,1374.0,4235.0,3381.0,CO,Colorado,9.6,28.4
08089,8950.0,640.0,1427.0,2117.0,1931.0,CO,Colorado,11.95,33.2
08091,1149.0,56.0,153.0,235.0,0.0,CO,Colorado,7.75,23.6
08093,3599.0,132.0,205.0,8732.0,457.0,CO,Colorado,8.05,25.200000000000003
08095,1346.0,70.0,156.0,207.0,0.0,CO,Colorado,9.899999999999999,28.3
08097,3194.0,389.0,192.0,1560.0,962.0,CO,Colorado,6.5,19.9
08099,5324.0,280.0,936.0,3753.0,2604.0,CO,Colorado,10.75,29.1
08101,65376.0,4890.0,11822.0,66124.0,62686.0,CO,Colorado,11.3,36.0
08103,1765.0,62.0,175.0,573.0,117.0,CO,Colorado,8.899999999999999,27.1
08105,4343.0,476.0,835.0,2108.0,760.0,CO,Colorado,10.35,26.700000000000003
08107,5777.0,285.0,274.0,2838.0,1487.0,CO,Colorado,6.9,21.2
08109,3313.0,243.0,466.0,2067.0,763.0,CO,Colorado,11.5,28.65
08111,159.0,20.0,13.0,694.0,0.0,CO,Colorado,8.75,25.6
08113,2054.0,128.0,111.0,719.0,87.0,CO,Colorado,7.300000000000001,25.3
08115,934.0,56.0,175.0,442.0,0.0,CO,Colorado,10.45,28.2
08117,7266.0,153.0,268.0,2620.0,2268.0,CO,Colorado,6.7,21.65
08119,5955.0,181.0,933.0,4134.0,3960.0,CO,Colorado,8.2,26.4
08121,1446.0,97.0,147.0,2485.0,964.0,CO,Colorado,9.149999999999999,27.9
08123,77952.0,3637.0,8593.0,58455.0,55009.0,CO,Colorado,7.85,28.799999999999997
08125,3907.0,181.0,371.0,2300.0,859.0,CO,Colorado,9.25,29.0
09001,195066.0,26098.0,30180.0,255544.0,255544.0,CT,Connecticut,8.25,24.95
09003,214398.0,36883.0,52403.0,244717.0,244717.0,CT,Connecticut,10.65,33.349999999999994
09005,32013.0,3942.0,5880.0,43705.0,43705.0,CT,Connecticut,8.65,26.95
09007,27087.0,3637.0,5357.0,58929.0,58929.0,CT,Connecticut,8.6,31.0
09009,216498.0,38419.0,50172.0,269515.0,269515.0,CT,Connecticut,9.95,31.25
09011,59703.0,6618.0,12577.0,106957.0,106957.0,CT,Connecticut,9.5,30.85
09013,23757.0,2484.0,3704.0,49890.0,49890.0,CT,Connecticut,8.15,28.3
09015,27750.0,3160.0,6749.0,16855.0,16725.0,CT,Connecticut,10.35,35.3
10001,55810.0,4206.0,10462.0,35059.0,35059.0,DE,Delaware,11.8,41.099999999999994
10003,129971.0,14122.0,20424.0,153725.0,153725.0,DE,Delaware,10.75,34.650000000000006
10005,60943.0,3370.0,10748.0,56335.0,56335.0,DE,Delaware,11.6,34.9
11001,190153.0,99637.0,39043.0,27650.0,27650.0,DC,District of Columbia,8.1,24.35
13001,8957.0,590.0,1271.0,8709.0,6295.0,GA,Georgia,15.15,38.95
13003,4733.0,220.0,590.0,1968.0,0.0,GA,Georgia,16.55,39.75
13005,5267.0,203.0,728.0,368.0,0.0,GA,Georgia,13.850000000000001,37.25
13007,1608.0,116.0,149.0,2114.0,0.0,GA,Georgia,18.35,41.7
13009,20796.0,1283.0,2480.0,11255.0,11193.0,GA,Georgia,13.8,39.95
13011,8261.0,339.0,857.0,326.0,0.0,GA,Georgia,12.0,33.35
13013,26634.0,842.0,3531.0,26648.0,26648.0,GA,Georgia,10.95,38.95
13015,38286.0,1555.0,4977.0,30341.0,30341.0,GA,Georgia,11.15,34.0
13017,9220.0,1040.0,1217.0,5315.0,4943.0,GA,Georgia,16.0,43.849999999999994
13019,9696.0,732.0,1602.0,3858.0,0.0,GA,Georgia,14.05,38.0
13021,67541.0,6809.0,11779.0,50157.0,50157.0,GA,Georgia,14.7,39.05
13023,5553.0,264.0,749.0,5179.0,4868.0,GA,Georgia,12.7,35.8
13025,10153.0,245.0,1391.0,800.0,0.0,GA,Georgia,13.0,40.5
13027,7952.0,402.0,1141.0,1664.0,651.0,GA,Georgia,16.6,39.25
13029,9794.0,626.0,1009.0,12426.0,12426.0,GA,Georgia,9.5,34.25
13031,32751.0,1437.0,4513.0,14946.0,14884.0,GA,Georgia,11.45,34.9
13033,10596.0,723.0,1791.0,3491.0,1661.0,GA,Georgia,14.75,39.9
13035,9004.0,539.0,1639.0,3933.0,3931.0,GA,Georgia,12.8,39.1
13037,2741.0,196.0,645.0,921.0,0.0,GA,Georgia,17.9,45.95
13039,17423.0,902.0,2350.0,25918.0,22628.0,GA,Georgia,11.55,36.099999999999994
13043,6120.0,375.0,841.0,71.0,0.0,GA,Georgia,16.55,41.2
13045,43384.0,2185.0,7078.0,58614.0,58614.0,GA,Georgia,11.5,35.099999999999994
13047,18348.0,878.0,2473.0,23443.0,23443.0,GA,Georgia,10.25,36.45
13049,5491.0,327.0,710.0,885.0,6.0,GA,Georgia,14.95,42.45
13051,95637.0,8968.0,14624.0,83970.0,83970.0,GA,Georgia,12.05,32.85
13053,3293.0,149.0,247.0,11002.0,8102.0,GA,Georgia,10.65,35.1
13055,11771.0,526.0,1645.0,9754.0,9670.0,GA,Georgia,14.100000000000001,37.650000000000006
13057,50541.0,2376.0,4279.0,88412.0,88412.0,GA,Georgia,9.25,31.05
13059,59098.0,4470.0,6687.0,46717.0,46717.0,GA,Georgia,11.85,33.95
13061,1873.0,178.0,443.0,59.0,0.0,GA,Georgia,19.049999999999997,43.2
13063,128154.0,6577.0,20875.0,101685.0,101685.0,GA,Georgia,15.95,43.85
13065,3923.0,213.0,513.0,527.0,431.0,GA,Georgia,17.4,42.150000000000006
13067,185230.0,10359.0,21488.0,267654.0,267654.0,GA,Georgia,9.7,29.950000000000003
13069,19076.0,1337.0,2604.0,3064.0,0.0,GA,Georgia,15.05,42.5
13071,23484.0,1444.0,3530.0,13423.0,10894.0,GA,Georgia,15.05,41.75
13073,29535.0,1145.0,2410.0,44520.0,43258.0,GA,Georgia,9.649999999999999,34.65
13075,8197.0,518.0,1176.0,282.0,0.0,GA,Georgia,14.4,38.45
13077,37305.0,2207.0,4637.0,57146.0,57112.0,GA,Georgia,10.15,33.55
13079,5185.0,278.0,770.0,5120.0,0.0,GA,Georgia,13.85,38.95
13081,12840.0,1037.0,2152.0,1419.0,1336.0,GA,Georgia,16.4,42.9
13083,5393.0,420.0,620.0,0.0,0.0,GA,Georgia,11.149999999999999,34.900000000000006
13085,6501.0,183.0,926.0,192.0,0.0,GA,Georgia,10.15,32.65
13087,12271.0,909.0,2107.0,4984.0,3121.0,GA,Georgia,14.95,38.1
13089,260390.0,24274.0,39802.0,170400.0,170400.0,GA,Georgia,12.100000000000001,33.099999999999994
13091,8848.0,679.0,1558.0,74.0,0.0,GA,Georgia,15.1,37.650000000000006
13093,6225.0,501.0,1324.0,7544.0,7521.0,GA,Georgia,16.6,41.1
13095,46092.0,4567.0,9445.0,40596.0,40564.0,GA,Georgia,16.85,41.1
13097,44721.0,2066.0,6637.0,56909.0,56903.0,GA,Georgia,13.0,36.0
13099,5419.0,358.0,939.0,633.0,0.0,GA,Georgia,16.85,42.45
13101,1814.0,41.0,175.0,1926.0,15.0,GA,Georgia,13.85,38.65
13103,14828.0,552.0,1824.0,11589.0,10082.0,GA,Georgia,10.35,37.85
13105,8844.0,668.0,1500.0,4181.0,3375.0,GA,Georgia,15.05,37.9
13107,11704.0,855.0,2024.0,5767.0,3065.0,GA,Georgia,14.9,41.25
13109,5072.0,251.0,1108.0,0.0,0.0,GA,Georgia,15.55,41.8
13111,8743.0,474.0,1079.0,527.0,0.0,GA,Georgia,12.95,32.9
13113,19078.0,1035.0,1830.0,39118.0,39118.0,GA,Georgia,10.75,29.4
13115,39019.0,3026.0,5556.0,33371.0,33310.0,GA,Georgia,12.65,38.8
13117,32635.0,1294.0,2954.0,98125.0,98125.0,GA,Georgia,8.5,25.95
13119,10352.0,544.0,2060.0,0.0,0.0,GA,Georgia,12.350000000000001,37.5
13121,303822.0,44407.0,48487.0,271723.0,271723.0,GA,Georgia,10.649999999999999,29.0
13123,11409.0,616.0,1426.0,4905.0,4021.0,GA,Georgia,12.5,35.349999999999994
13125,1171.0,68.0,157.0,2147.0,0.0,GA,Georgia,12.45,35.3
13127,31664.0,2201.0,5675.0,27406.0,27393.0,GA,Georgia,12.35,35.3
13129,25536.0,1324.0,3234.0,11241.0,10847.0,GA,Georgia,12.65,37.3
13131,11530.0,518.0,1886.0,1031.0,0.0,GA,Georgia,14.350000000000001,40.4
13133,7144.0,544.0,1039.0,3128.0,2283.0,GA,Georgia,14.0,36.9
13135,272070.0,9714.0,24657.0,312922.0,312922.0,GA,Georgia,11.35,31.55
13137,15946.0,817.0,2043.0,7799.0,7650.0,GA,Georgia,11.5,32.0
13139,69068.0,3336.0,6706.0,44981.0,44981.0,GA,Georgia,11.75,38.650000000000006
13141,3132.0,332.0,785.0,5261.0,4856.0,GA,Georgia,19.549999999999997,43.400000000000006
13143,10877.0,519.0,1852.0,4816.0,4807.0,GA,Georgia,10.85,33.95
13145,7424.0,357.0,949.0,411.0,0.0,GA,Georgia,10.600000000000001,33.3
13147,11642.0,535.0,1650.0,0.0,0.0,GA,Georgia,13.399999999999999,35.8
13149,4189.0,245.0,1043.0,433.0,0.0,GA,Georgia,12.7,36.2
13151,58992.0,1651.0,7945.0,100823.0,100823.0,GA,Georgia,11.649999999999999,38.15
13153,48495.0,2601.0,7408.0,48976.0,48976.0,GA,Georgia,11.2,37.9
13155,4588.0,264.0,557.0,584.0,0.0,GA,Georgia,13.899999999999999,38.65
13157,19392.0,1016.0,2661.0,19815.0,19815.0,GA,Georgia,10.55,32.15
13159,6286.0,291.0,1037.0,393.0,0.0,GA,Georgia,12.95,38.7
13161,7973.0,473.0,901.0,5747.0,4539.0,GA,Georgia,14.149999999999999,41.55
13163,7723.0,745.0,1442.0,126.0,0.0,GA,Georgia,16.65,43.6
13165,4930.0,382.0,898.0,79.0,0.0,GA,Georgia,17.15,43.15
13167,4549.0,380.0,725.0,2226.0,0.0,GA,Georgia,16.5,42.45
13169,9640.0,508.0,1586.0,9543.0,9272.0,GA,Georgia,12.7,36.85
13171,6815.0,395.0,796.0,4109.0,4109.0,GA,Georgia,12.15,38.0
13173,4590.0,341.0,678.0,69.0,0.0,GA,Georgia,15.5,41.7
13175,23521.0,1339.0,3364.0,9412.0,7890.0,GA,Georgia,15.399999999999999,40.55
13177,7712.0,349.0,1082.0,9298.0,9288.0,GA,Georgia,10.55,35.099999999999994
13179,27779.0,1438.0,3503.0,20244.0,19859.0,GA,Georgia,13.1,37.65
13181,3314.0,186.0,524.0,448.0,0.0,GA,Georgia,15.149999999999999,38.650000000000006
13183,7589.0,221.0,1004.0,108.0,0.0,GA,Georgia,13.2,38.2
13185,52602.0,3157.0,7604.0,18418.0,18335.0,GA,Georgia,13.15,39.05
13187,11989.0,379.0,1561.0,224.0,0.0,GA,Georgia,10.25,32.55
13189,9805.0,869.0,1857.0,173.0,0.0,GA,Georgia,14.6,39.349999999999994
13191,5671.0,268.0,1087.0,2276.0,1865.0,GA,Georgia,15.9,38.6
13193,6038.0,674.0,1235.0,63.0,0.0,GA,Georgia,18.25,43.05
13195,11764.0,332.0,1505.0,656.0,0.0,GA,Georgia,12.95,37.25
13197,3482.0,215.0,671.0,0.0,0.0,GA,Georgia,15.25,36.5
13199,10056.0,902.0,1750.0,721.0,0.0,GA,Georgia,15.7,41.9
13201,2332.0,176.0,436.0,25.0,0.0,GA,Georgia,14.65,38.2
13205,10544.0,929.0,1976.0,4885.0,4547.0,GA,Georgia,17.05,42.25
13207,8838.0,481.0,949.0,908.0,0.0,GA,Georgia,12.0,37.45
13209,3413.0,209.0,630.0,1109.0,0.0,GA,Georgia,14.05,39.2
13211,5125.0,316.0,949.0,6184.0,5642.0,GA,Georgia,10.8,33.650000000000006
13213,16619.0,578.0,2268.0,6967.0,6316.0,GA,Georgia,12.0,35.75
13215,80303.0,7907.0,13752.0,57404.0,57404.0,GA,Georgia,14.45,40.45
13217,39673.0,1987.0,7044.0,33596.0,32499.0,GA,Georgia,13.05,40.3
13219,6137.0,298.0,595.0,7320.0,6815.0,GA,Georgia,8.7,28.6
13221,5949.0,204.0,818.0,777.0,0.0,GA,Georgia,12.3,34.25
13223,42994.0,1239.0,4849.0,69205.0,69205.0,GA,Georgia,10.25,36.8
13225,11204.0,1054.0,2290.0,7777.0,7777.0,GA,Georgia,13.55,39.349999999999994
13227,9213.0,544.0,1389.0,5197.0,5197.0,GA,Georgia,11.149999999999999,30.950000000000003
13229,7864.0,314.0,1281.0,1667.0,0.0,GA,Georgia,13.0,36.849999999999994
13231,4940.0,207.0,774.0,4.0,0.0,GA,Georgia,10.35,33.05
13233,18178.0,1161.0,2948.0,10041.0,10028.0,GA,Georgia,13.05,37.25
13235,4687.0,306.0,811.0,441.0,0.0,GA,Georgia,14.5,42.15
13237,8626.0,387.0,1117.0,3282.0,3025.0,GA,Georgia,13.95,37.55
13239,992.0,92.0,292.0,77.0,0.0,GA,Georgia,17.65,40.650000000000006
13241,7055.0,346.0,968.0,96.0,0.0,GA,Georgia,13.05,33.25
13243,4223.0,483.0,790.0,2605.0,2287.0,GA,Georgia,21.7,48.3
13245,90770.0,6864.0,15196.0,95418.0,95418.0,GA,Georgia,15.0,40.400000000000006
13247,31694.0,1209.0,3859.0,33760.0,33760.0,GA,Georgia,14.4,41.4
13249,2314.0,134.0,463.0,25.0,0.0,GA,Georgia,13.5,37.65
13251,6913.0,560.0,1061.0,3062.0,0.0,GA,Georgia,14.45,39.05
13253,4045.0,274.0,648.0,1225.0,620.0,GA,Georgia,15.05,37.099999999999994
13255,29333.0,2350.0,4727.0,16887.0,16887.0,GA,Georgia,13.7,36.1
13257,10390.0,701.0,2107.0,2718.0,2718.0,GA,Georgia,12.0,33.3
13259,2330.0,299.0,425.0,1125.0,0.0,GA,Georgia,16.1,43.150000000000006
13261,14556.0,1232.0,2770.0,3223.0,3069.0,GA,Georgia,15.45,40.05
13263,2914.0,240.0,468.0,1960.0,0.0,GA,Georgia,18.049999999999997,42.45
13265,865.0,72.0,152.0,1569.0,0.0,GA,Georgia,18.6,41.849999999999994
13267,8778.0,571.0,1719.0,3428.0,2829.0,GA,Georgia,14.3,42.349999999999994
13269,4092.0,277.0,851.0,374.0,0.0,GA,Georgia,17.35,44.349999999999994
13271,7108.0,346.0,1028.0,6172.0,4957.0,GA,Georgia,17.4,42.8
13273,4420.0,390.0,961.0,742.0,639.0,GA,Georgia,18.75,43.75
13275,20004.0,1256.0,3493.0,12631.0,11929.0,GA,Georgia,13.600000000000001,39.0
13277,17698.0,1742.0,2180.0,6122.0,6122.0,GA,Georgia,14.2,40.25
13279,13779.0,908.0,2557.0,3170.0,1098.0,GA,Georgia,14.05,41.6
13281,3907.0,164.0,498.0,1.0,0.0,GA,Georgia,11.95,32.15
13283,2819.0,237.0,619.0,3222.0,3073.0,GA,Georgia,16.3,42.7
13285,29293.0,2350.0,4404.0,6388.0,6387.0,GA,Georgia,14.0,43.95
13287,3481.0,229.0,792.0,1822.0,1650.0,GA,Georgia,16.9,40.2
13289,3902.0,286.0,581.0,5.0,0.0,GA,Georgia,14.8,37.35
13291,7716.0,433.0,840.0,789.0,0.0,GA,Georgia,13.100000000000001,34.15
13293,11839.0,1059.0,1683.0,4587.0,4073.0,GA,Georgia,14.5,38.1
13295,28338.0,1146.0,3333.0,19205.0,19019.0,GA,Georgia,11.8,36.8
13297,27238.0,989.0,3610.0,27807.0,27807.0,GA,Georgia,11.55,35.7
13299,15266.0,1171.0,2730.0,10986.0,8381.0,GA,Georgia,14.95,42.6
13301,2852.0,373.0,548.0,122.0,0.0,GA,Georgia,17.95,42.900000000000006
13303,9109.0,591.0,1922.0,6306.0,2372.0,GA,Georgia,16.2,42.75
13305,12683.0,908.0,2045.0,5392.0,1257.0,GA,Georgia,13.8,39.35
13307,1230.0,82.0,259.0,57.0,0.0,GA,Georgia,17.3,42.400000000000006
13309,3766.0,236.0,391.0,345.0,0.0,GA,Georgia,15.8,43.45
13311,10483.0,277.0,1313.0,0.0,0.0,GA,Georgia,10.9,31.25
13313,47431.0,2232.0,4149.0,30712.0,30712.0,GA,Georgia,12.95,36.5
13315,3410.0,127.0,408.0,918.0,0.0,GA,Georgia,15.6,40.8
13317,4955.0,498.0,758.0,1510.0,0.0,GA,Georgia,16.2,41.599999999999994
13319,4165.0,258.0,523.0,2089.0,0.0,GA,Georgia,16.1,40.95
13321,8065.0,517.0,1889.0,698.0,0.0,GA,Georgia,13.850000000000001,37.650000000000006
15001,64658.0,3415.0,13250.0,57925.0,49258.0,HI,Hawaii,9.95,27.200000000000003
15003,199996.0,30359.0,30132.0,240032.0,240032.0,HI,Hawaii,9.899999999999999,24.65
15005,12.0,10.0,1.0,0.0,0.0,HI,Hawaii,12.8,29.8
15007,16109.0,983.0,2135.0,22943.0,22930.0,HI,Hawaii,9.5,23.75
15009,37393.0,2812.0,5379.0,41845.0,39941.0,HI,Hawaii,8.850000000000001,24.15
16001,114535.0,6431.0,12639.0,119470.0,119262.0,ID,Idaho,8.2,28.65
16003,1596.0,55.0,114.0,1014.0,207.0,ID,Idaho,11.850000000000001,31.950000000000003
16005,32833.0,1736.0,4377.0,28774.0,24810.0,ID,Idaho,9.8,37.85
16007,1875.0,90.0,166.0,1549.0,262.0,ID,Idaho,10.5,34.650000000000006
16009,3669.0,173.0,469.0,2165.0,1.0,ID,Idaho,11.7,33.35
16011,17418.0,347.0,1756.0,14711.0,12871.0,ID,Idaho,10.649999999999999,37.1
16013,7394.0,266.0,465.0,1693.0,471.0,ID,Idaho,9.3,29.65
16015,2349.0,117.0,290.0,3341.0,152.0,ID,Idaho,10.7,28.85
16017,14593.0,766.0,1723.0,3351.0,578.0,ID,Idaho,10.95,32.3
16019,38660.0,1794.0,4789.0,40337.0,39639.0,ID,Idaho,9.5,36.2
16021,3971.0,119.0,541.0,1429.0,267.0,ID,Idaho,11.35,34.45
16023,916.0,37.0,79.0,605.0,214.0,ID,Idaho,12.9,34.25
16025,394.0,3.0,23.0,1117.0,925.0,ID,Idaho,11.6,34.6
16027,91990.0,2610.0,11040.0,36414.0,35180.0,ID,Idaho,11.35,36.45
16029,2004.0,151.0,188.0,375.0,31.0,ID,Idaho,9.25,32.6
16031,9743.0,306.0,908.0,4666.0,2917.0,ID,Idaho,11.2,35.599999999999994
16033,546.0,4.0,79.0,982.0,982.0,ID,Idaho,12.4,33.5
16035,2928.0,122.0,346.0,687.0,2.0,ID,Idaho,11.55,33.650000000000006
16037,1793.0,9.0,114.0,940.0,366.0,ID,Idaho,11.8,33.900000000000006
16039,10792.0,491.0,1256.0,7345.0,5705.0,ID,Idaho,10.85,36.4
16041,4405.0,94.0,189.0,919.0,0.0,ID,Idaho,10.0,37.4
16043,4796.0,74.0,355.0,6176.0,5368.0,ID,Idaho,10.0,31.65
16045,6782.0,336.0,879.0,4739.0,3927.0,ID,Idaho,10.3,31.95
16047,6247.0,216.0,490.0,125.0,0.0,ID,Idaho,11.45,36.8
16049,7385.0,262.0,575.0,2890.0,1934.0,ID,Idaho,11.899999999999999,32.45
16051,10020.0,110.0,800.0,6977.0,5541.0,ID,Idaho,9.25,32.0
16053,10123.0,225.0,969.0,5512.0,3467.0,ID,Idaho,12.0,38.2
16055,48267.0,2229.0,6364.0,38283.0,36706.0,ID,Idaho,8.6,28.700000000000003
16057,14089.0,805.0,1240.0,6222.0,4229.0,ID,Idaho,8.45,30.15
16059,3360.0,141.0,224.0,2024.0,948.0,ID,Idaho,11.15,31.700000000000003
16061,1602.0,95.0,189.0,1835.0,0.0,ID,Idaho,12.5,33.55
16063,2246.0,17.0,177.0,5074.0,1245.0,ID,Idaho,11.9,33.1
16065,21719.0,377.0,1320.0,8055.0,8053.0,ID,Idaho,8.6,34.4
16067,9013.0,165.0,705.0,7430.0,6489.0,ID,Idaho,12.25,37.400000000000006
16069,12919.0,1019.0,2075.0,10897.0,10075.0,ID,Idaho,10.75,36.45
16071,1580.0,12.0,123.0,578.0,331.0,ID,Idaho,9.899999999999999,31.450000000000003
16073,4887.0,172.0,676.0,3167.0,1909.0,ID,Idaho,12.25,34.650000000000006
16075,8371.0,243.0,1157.0,4427.0,4384.0,ID,Idaho,10.9,38.849999999999994
16077,3497.0,53.0,374.0,988.0,165.0,ID,Idaho,11.8,38.55
16079,5170.0,375.0,1098.0,1241.0,802.0,ID,Idaho,12.25,38.1
16081,2925.0,42.0,69.0,906.0,0.0,ID,Idaho,8.649999999999999,27.45
16083,31099.0,1261.0,3156.0,10906.0,9472.0,ID,Idaho,9.95,34.650000000000006
16085,3625.0,199.0,347.0,1838.0,47.0,ID,Idaho,10.65,30.85
16087,4552.0,240.0,592.0,1724.0,280.0,ID,Idaho,12.850000000000001,36.5
17001,19497.0,2063.0,3712.0,11088.0,7525.0,IL,Illinois,10.25,36.099999999999994
17003,3311.0,207.0,573.0,4086.0,3138.0,IL,Illinois,15.899999999999999,43.75
17005,4481.0,385.0,639.0,3691.0,2600.0,IL,Illinois,11.1,38.55
17007,15463.0,758.0,2429.0,17066.0,17066.0,IL,Illinois,10.15,34.2
17009,1395.0,146.0,232.0,2393.0,2246.0,IL,Illinois,10.85,39.6
17011,9821.0,739.0,1723.0,12790.0,6850.0,IL,Illinois,11.149999999999999,37.55
17013,1308.0,99.0,225.0,731.0,0.0,IL,Illinois,9.9,34.650000000000006
17015,4093.0,332.0,652.0,1982.0,1047.0,IL,Illinois,11.05,37.85
17017,4716.0,273.0,667.0,1659.0,171.0,IL,Illinois,11.6,37.6
17019,72192.0,9558.0,7949.0,43743.0,43596.0,IL,Illinois,9.5,30.95
17021,10532.0,734.0,2120.0,2449.0,737.0,IL,Illinois,10.65,38.5
17023,5262.0,178.0,919.0,5253.0,4002.0,IL,Illinois,9.65,34.8
17025,4594.0,229.0,838.0,2562.0,392.0,IL,Illinois,11.25,36.6
17027,8094.0,753.0,1315.0,6980.0,6818.0,IL,Illinois,9.5,34.9
17029,19375.0,1725.0,3831.0,15719.0,14330.0,IL,Illinois,10.3,34.65
17031,1702475.0,347440.0,296761.0,382296.0,382296.0,IL,Illinois,10.8,31.45
17033,5253.0,414.0,1173.0,1733.0,915.0,IL,Illinois,10.45,36.349999999999994
17035,3209.0,193.0,506.0,92.0,0.0,IL,Illinois,9.95,35.8
17037,32243.0,2397.0,4903.0,40154.0,39898.0,IL,Illinois,9.35,36.55
17039,4216.0,235.0,789.0,1209.0,363.0,IL,Illinois,10.55,37.35
17041,6076.0,806.0,874.0,2359.0,1075.0,IL,Illinois,10.4,36.25
17043,161799.0,13939.0,20422.0,206310.0,206310.0,IL,Illinois,8.75,30.4
17045,5319.0,585.0,1158.0,7774.0,3162.0,IL,Illinois,10.9,36.45
17047,1826.0,161.0,320.0,1243.0,0.0,IL,Illinois,10.95,37.6
17049,9494.0,767.0,1485.0,5240.0,3346.0,IL,Illinois,9.7,35.650000000000006
17051,8267.0,281.0,1338.0,8702.0,3296.0,IL,Illinois,11.4,39.2
17053,4219.0,297.0,878.0,3370.0,1210.0,IL,Illinois,10.4,36.9
17055,16373.0,1330.0,3385.0,8302.0,7685.0,IL,Illinois,11.8,39.5
17057,11769.0,890.0,2225.0,4103.0,81.0,IL,Illinois,11.15,37.4
17059,2195.0,151.0,575.0,3706.0,0.0,IL,Illinois,11.8,38.05
17061,4683.0,240.0,818.0,245.0,183.0,IL,Illinois,10.899999999999999,37.4
17063,10147.0,745.0,2062.0,14232.0,14232.0,IL,Illinois,8.95,35.0
17065,2271.0,162.0,385.0,1162.0,175.0,IL,Illinois,11.05,37.2
17067,5671.0,359.0,790.0,8255.0,3468.0,IL,Illinois,10.6,37.05
17069,1515.0,133.0,247.0,911.0,0.0,IL,Illinois,11.7,37.6
17071,2041.0,91.0,250.0,99.0,0.0,IL,Illinois,10.45,35.349999999999994
17073,13154.0,1112.0,2214.0,15856.0,12333.0,IL,Illinois,9.95,34.95
17075,9435.0,565.0,1539.0,8638.0,2481.0,IL,Illinois,11.149999999999999,37.8
17077,25802.0,2864.0,4397.0,21031.0,18071.0,IL,Illinois,11.3,34.95
17079,2688.0,213.0,489.0,1525.0,558.0,IL,Illinois,10.15,36.25
17081,13039.0,1243.0,2777.0,10216.0,6679.0,IL,Illinois,11.05,35.25
17083,4843.0,432.0,945.0,5241.0,4244.0,IL,Illinois,9.25,33.3
17085,5347.0,413.0,604.0,3907.0,1876.0,IL,Illinois,10.6,36.15
17087,3362.0,230.0,517.0,948.0,0.0,IL,Illinois,11.0,38.95
17089,133817.0,7813.0,19313.0,107963.0,107963.0,IL,Illinois,10.2,35.6
17091,33120.0,3265.0,6781.0,23576.0,20406.0,IL,Illinois,11.100000000000001,37.900000000000006
17093,22764.0,794.0,3087.0,38750.0,38683.0,IL,Illinois,8.4,32.75
17095,18441.0,1898.0,3600.0,14214.0,11648.0,IL,Illinois,11.8,41.6
17097,147399.0,12203.0,21304.0,242054.0,242054.0,IL,Illinois,9.7,31.2
17099,32449.0,2759.0,6003.0,30203.0,25270.0,IL,Illinois,10.7,35.95
17101,5266.0,321.0,1055.0,3861.0,3243.0,IL,Illinois,11.2,37.8
17103,8753.0,878.0,1655.0,6819.0,6164.0,IL,Illinois,10.7,37.1
17105,10825.0,1027.0,1922.0,6314.0,2992.0,IL,Illinois,10.649999999999999,38.8
17107,6565.0,682.0,1321.0,7879.0,2203.0,IL,Illinois,9.75,36.099999999999994
17109,10547.0,976.0,1670.0,9739.0,8039.0,IL,Illinois,10.35,37.349999999999994
17111,54213.0,4073.0,7876.0,136739.0,136739.0,IL,Illinois,8.8,30.45
17113,46181.0,4212.0,6511.0,52063.0,49766.0,IL,Illinois,9.149999999999999,34.900000000000006
17115,34560.0,4323.0,7701.0,39870.0,37668.0,IL,Illinois,11.399999999999999,38.45
17117,14059.0,830.0,2631.0,6053.0,3634.0,IL,Illinois,10.95,34.1
17119,74172.0,7201.0,14009.0,112469.0,112460.0,IL,Illinois,9.95,38.05
17121,14789.0,1174.0,3330.0,9952.0,5968.0,IL,Illinois,11.600000000000001,39.7
17123,3125.0,156.0,473.0,1665.0,0.0,IL,Illinois,10.55,36.1
17125,5256.0,320.0,1078.0,5225.0,1406.0,IL,Illinois,10.95,39.0
17127,5673.0,471.0,1167.0,1315.0,791.0,IL,Illinois,11.6,37.650000000000006
17129,3022.0,235.0,556.0,1698.0,1608.0,IL,Illinois,9.35,35.599999999999994
17131,3902.0,382.0,664.0,3746.0,2421.0,IL,Illinois,10.5,36.6
17133,4734.0,495.0,578.0,12335.0,12196.0,IL,Illinois,8.3,31.85
17135,9013.0,750.0,1562.0,4765.0,4036.0,IL,Illinois,11.0,37.3
17137,10686.0,1004.0,2256.0,13689.0,8362.0,IL,Illinois,11.05,37.95
17139,4145.0,602.0,451.0,375.0,199.0,IL,Illinois,9.850000000000001,34.95
17141,14319.0,1003.0,2231.0,7624.0,7505.0,IL,Illinois,10.25,34.849999999999994
17143,60492.0,7540.0,10741.0,63829.0,61019.0,IL,Illinois,10.899999999999999,36.0
17145,6740.0,624.0,1608.0,5146.0,4784.0,IL,Illinois,11.65,39.35
17147,3040.0,182.0,412.0,1658.0,1292.0,IL,Illinois,8.9,34.35
17149,5897.0,445.0,1049.0,3910.0,646.0,IL,Illinois,11.2,37.9
17151,1462.0,84.0,189.0,1301.0,0.0,IL,Illinois,12.55,37.599999999999994
17153,2869.0,271.0,525.0,1936.0,0.0,IL,Illinois,14.45,41.7
17155,1291.0,57.0,177.0,8.0,0.0,IL,Illinois,10.25,35.650000000000006
17157,9339.0,729.0,1543.0,4790.0,4720.0,IL,Illinois,11.350000000000001,38.95
17159,5780.0,414.0,1046.0,1036.0,592.0,IL,Illinois,10.600000000000001,37.0
17161,46373.0,4942.0,8538.0,24730.0,23540.0,IL,Illinois,11.55,38.0
17163,85647.0,9683.0,16303.0,99256.0,99256.0,IL,Illinois,12.1,43.8
17165,10478.0,925.0,2699.0,3557.0,2841.0,IL,Illinois,11.45,38.349999999999994
17167,56435.0,6887.0,11075.0,50465.0,46012.0,IL,Illinois,10.05,34.8
17169,2574.0,112.0,320.0,1284.0,315.0,IL,Illinois,11.25,38.1
17171,1437.0,93.0,253.0,3562.0,0.0,IL,Illinois,10.2,36.05
17173,6958.0,387.0,907.0,4790.0,56.0,IL,Illinois,10.3,36.1
17175,1738.0,77.0,275.0,3752.0,0.0,IL,Illinois,10.649999999999999,35.75
17177,16400.0,1900.0,3699.0,3114.0,2884.0,IL,Illinois,11.5,38.25
17179,31614.0,3124.0,6003.0,53222.0,50180.0,IL,Illinois,9.350000000000001,35.7
17181,6590.0,386.0,1037.0,1401.0,930.0,IL,Illinois,11.4,36.650000000000006
17183,29594.0,3247.0,5232.0,18701.0,15708.0,IL,Illinois,12.35,37.85
17185,3567.0,300.0,678.0,1917.0,1530.0,IL,Illinois,11.05,36.650000000000006
17187,5601.0,331.0,723.0,1595.0,1383.0,IL,Illinois,10.55,36.650000000000006
17189,3285.0,183.0,525.0,1733.0,99.0,IL,Illinois,9.55,35.5
17191,5898.0,513.0,1051.0,4215.0,895.0,IL,Illinois,11.3,36.849999999999994
17193,4868.0,493.0,926.0,1251.0,437.0,IL,Illinois,11.6,38.849999999999994
17195,16917.0,1407.0,3063.0,12465.0,12309.0,IL,Illinois,10.899999999999999,37.9
17197,128716.0,8334.0,21426.0,301286.0,301286.0,IL,Illinois,9.6,34.0
17199,22266.0,1991.0,4151.0,21431.0,19942.0,IL,Illinois,10.45,35.2
17201,98740.0,9798.0,20355.0,78002.0,78002.0,IL,Illinois,11.9,42.0
17203,7664.0,634.0,1064.0,12593.0,12586.0,IL,Illinois,8.7,33.849999999999994
18001,12740.0,1336.0,994.0,6024.0,6023.0,IN,Indiana,12.3,39.25
18003,122392.0,9123.0,16902.0,134372.0,132211.0,IN,Indiana,11.649999999999999,38.349999999999994
18005,23369.0,1415.0,3075.0,27972.0,26852.0,IN,Indiana,10.65,36.5
18007,3384.0,97.0,447.0,153.0,0.0,IN,Indiana,12.7,41.4
18009,4482.0,341.0,755.0,1936.0,1936.0,IN,Indiana,13.45,40.849999999999994
18011,10798.0,975.0,1334.0,10158.0,9415.0,IN,Indiana,8.7,34.599999999999994
18013,4111.0,142.0,359.0,450.0,0.0,IN,Indiana,11.4,35.75
18015,5767.0,350.0,346.0,383.0,356.0,IN,Indiana,11.100000000000001,40.3
18017,14177.0,1025.0,1424.0,2451.0,1363.0,IN,Indiana,12.899999999999999,40.0
18019,32472.0,2355.0,3418.0,21322.0,19314.0,IN,Indiana,11.05,39.400000000000006
18021,8440.0,433.0,1319.0,5727.0,5529.0,IN,Indiana,11.15,41.25
18023,10895.0,705.0,1194.0,1609.0,306.0,IN,Indiana,11.75,37.4
18025,4056.0,176.0,510.0,1672.0,0.0,IN,Indiana,14.0,43.0
18027,12880.0,1849.0,1034.0,2027.0,2027.0,IN,Indiana,11.75,35.5
18029,11987.0,789.0,1763.0,17130.0,17130.0,IN,Indiana,10.75,36.85
18031,7965.0,498.0,1035.0,3579.0,795.0,IN,Indiana,10.7,40.349999999999994
18033,12852.0,912.0,1751.0,12236.0,12236.0,IN,Indiana,10.8,37.7
18035,45813.0,3453.0,6477.0,40048.0,40048.0,IN,Indiana,11.5,37.7
18037,9964.0,632.0,999.0,8305.0,7247.0,IN,Indiana,10.8,38.8
18039,68202.0,6046.0,7018.0,62668.0,62668.0,IN,Indiana,11.5,38.1
18041,9059.0,694.0,1826.0,4750.0,4620.0,IN,Indiana,12.649999999999999,40.9
18043,18540.0,1727.0,2351.0,17892.0,17892.0,IN,Indiana,10.2,36.95
18045,5566.0,352.0,886.0,1449.0,14.0,IN,Indiana,11.95,38.0
18047,6130.0,337.0,675.0,1717.0,0.0,IN,Indiana,10.75,34.55
18049,6492.0,476.0,633.0,2269.0,1238.0,IN,Indiana,11.95,35.9
18051,9603.0,658.0,1133.0,1534.0,934.0,IN,Indiana,11.0,36.75
18053,25766.0,1934.0,4218.0,12080.0,11829.0,IN,Indiana,12.1,39.150000000000006
18055,11151.0,597.0,1604.0,4707.0,1513.0,IN,Indiana,12.0,37.3
18057,42435.0,2632.0,3473.0,140899.0,140496.0,IN,Indiana,8.45,28.8
18059,13957.0,856.0,1430.0,25288.0,24403.0,IN,Indiana,9.5,32.95
18061,10769.0,545.0,1180.0,15.0,0.0,IN,Indiana,11.05,38.15
18063,23813.0,1115.0,2339.0,74971.0,74971.0,IN,Indiana,9.5,34.05
18065,16108.0,869.0,2156.0,8995.0,8448.0,IN,Indiana,11.6,38.150000000000006
18067,27166.0,2399.0,4635.0,22315.0,22170.0,IN,Indiana,12.0,41.8
18069,10313.0,707.0,1267.0,10135.0,7255.0,IN,Indiana,11.0,37.8
18071,15229.0,977.0,1824.0,13989.0,12487.0,IN,Indiana,11.9,41.0
18073,8584.0,364.0,1034.0,4553.0,4552.0,IN,Indiana,10.850000000000001,34.55
18075,8091.0,806.0,848.0,5189.0,5189.0,IN,Indiana,12.35,38.2
18077,10245.0,515.0,1345.0,2687.0,1722.0,IN,Indiana,11.25,39.150000000000006
18079,9656.0,538.0,1203.0,7201.0,6158.0,IN,Indiana,11.649999999999999,38.400000000000006
18081,34136.0,1710.0,3657.0,43828.0,43828.0,IN,Indiana,10.0,39.45
18083,12807.0,1071.0,2079.0,3297.0,2585.0,IN,Indiana,11.45,39.45
18085,22351.0,1861.0,2208.0,15059.0,14758.0,IN,Indiana,10.55,36.849999999999994
18087,12511.0,3355.0,687.0,1920.0,1920.0,IN,Indiana,11.1,35.55
18089,162646.0,15625.0,26051.0,170679.0,170679.0,IN,Indiana,13.0,41.1
18091,36329.0,3414.0,5873.0,26713.0,26605.0,IN,Indiana,12.6,36.3
18093,15628.0,754.0,1857.0,3305.0,2519.0,IN,Indiana,11.35,42.0
18095,46110.0,3673.0,7349.0,46555.0,46555.0,IN,Indiana,12.05,43.349999999999994
18097,378078.0,34767.0,53987.0,294164.0,294164.0,IN,Indiana,12.1,37.150000000000006
18099,15705.0,1174.0,1507.0,7016.0,4797.0,IN,Indiana,11.55,36.55
18101,2943.0,142.0,378.0,1099.0,905.0,IN,Indiana,11.6,39.650000000000006
18103,13373.0,622.0,1863.0,7011.0,6788.0,IN,Indiana,12.25,37.9
18105,53677.0,4301.0,4533.0,25288.0,25088.0,IN,Indiana,9.8,32.0
18107,11729.0,683.0,1501.0,3953.0,1183.0,IN,Indiana,11.55,35.65
18109,17707.0,1087.0,2314.0,19767.0,19739.0,IN,Indiana,11.35,37.55
18111,4989.0,212.0,581.0,2076.0,0.0,IN,Indiana,11.8,36.8
18113,14025.0,981.0,1409.0,4303.0,4303.0,IN,Indiana,11.25,40.45
18115,1080.0,103.0,192.0,0.0,0.0,IN,Indiana,11.35,36.900000000000006
18117,7892.0,590.0,1046.0,218.0,177.0,IN,Indiana,12.4,37.849999999999994
18119,7609.0,305.0,1096.0,152.0,0.0,IN,Indiana,12.9,37.15
18121,5710.0,449.0,822.0,3274.0,2040.0,IN,Indiana,13.15,42.25
18123,5358.0,348.0,709.0,5533.0,1158.0,IN,Indiana,10.850000000000001,39.650000000000006
18125,3568.0,201.0,431.0,334.0,0.0,IN,Indiana,11.45,38.05
18127,36593.0,2318.0,4571.0,66469.0,66469.0,IN,Indiana,10.65,37.849999999999994
18129,5776.0,391.0,873.0,8199.0,4105.0,IN,Indiana,10.45,37.900000000000006
18131,4677.0,154.0,591.0,1271.0,1065.0,IN,Indiana,12.25,40.45
18133,9598.0,608.0,1299.0,4533.0,3561.0,IN,Indiana,11.1,35.8
18135,9282.0,480.0,1260.0,4619.0,3872.0,IN,Indiana,11.9,37.95
18137,8384.0,603.0,778.0,1249.0,1113.0,IN,Indiana,10.8,38.6
18139,5836.0,366.0,692.0,2254.0,518.0,IN,Indiana,12.0,39.150000000000006
18141,90495.0,7793.0,11654.0,84764.0,81935.0,IN,Indiana,11.649999999999999,35.8
18143,8600.0,514.0,936.0,4341.0,4341.0,IN,Indiana,12.45,38.3
18145,12450.0,717.0,1800.0,7371.0,5918.0,IN,Indiana,11.149999999999999,40.15
18147,5159.0,330.0,622.0,28.0,0.0,IN,Indiana,11.1,39.35
18149,9057.0,374.0,1086.0,478.0,438.0,IN,Indiana,12.45,42.0
18151,9937.0,668.0,978.0,10551.0,10543.0,IN,Indiana,11.3,39.8
18153,6866.0,468.0,1054.0,3409.0,1241.0,IN,Indiana,12.8,37.9
18155,4160.0,184.0,475.0,488.0,0.0,IN,Indiana,13.0,41.599999999999994
18157,67265.0,5200.0,6028.0,69390.0,68272.0,IN,Indiana,10.05,31.1
18159,4098.0,145.0,409.0,3567.0,3046.0,IN,Indiana,11.25,38.5
18161,2528.0,131.0,225.0,0.0,0.0,IN,Indiana,11.100000000000001,38.2
18163,65311.0,6170.0,9084.0,68118.0,68118.0,IN,Indiana,11.75,42.2
18165,5438.0,319.0,872.0,769.0,397.0,IN,Indiana,12.2,40.95
18167,40532.0,3433.0,6175.0,41840.0,41303.0,IN,Indiana,12.45,37.8
18169,10206.0,712.0,1115.0,6002.0,5992.0,IN,Indiana,11.65,39.2
18171,2075.0,85.0,307.0,545.0,0.0,IN,Indiana,11.350000000000001,38.75
18173,12572.0,798.0,1440.0,23051.0,22789.0,IN,Indiana,9.6,33.35
18175,9910.0,727.0,1396.0,2607.0,0.0,IN,Indiana,12.35,41.55
18177,25324.0,2437.0,3962.0,23735.0,23670.0,IN,Indiana,12.25,37.599999999999994
18179,7657.0,485.0,962.0,9186.0,9143.0,IN,Indiana,10.8,37.7
18181,6888.0,337.0,829.0,495.0,21.0,IN,Indiana,11.4,38.4
18183,8035.0,384.0,849.0,1512.0,1450.0,IN,Indiana,10.5,36.8
19001,1962.0,122.0,371.0,617.0,0.0,IA,Iowa,10.15,37.65
19003,1093.0,63.0,145.0,259.0,0.0,IA,Iowa,10.0,37.4
19005,4423.0,252.0,584.0,1559.0,473.0,IA,Iowa,10.350000000000001,36.0
19007,4694.0,469.0,873.0,2029.0,420.0,IA,Iowa,11.7,38.9
19009,1719.0,109.0,229.0,453.0,0.0,IA,Iowa,10.25,37.75
19011,5636.0,440.0,750.0,4427.0,540.0,IA,Iowa,9.149999999999999,38.5
19013,43818.0,3747.0,6904.0,36086.0,33374.0,IA,Iowa,9.85,36.099999999999994
19015,6628.0,347.0,1069.0,2661.0,2406.0,IA,Iowa,8.8,35.599999999999994
19017,4771.0,284.0,514.0,2417.0,1968.0,IA,Iowa,8.25,34.8
19019,5197.0,441.0,799.0,2961.0,2172.0,IA,Iowa,8.95,35.45
19021,7284.0,291.0,990.0,3367.0,2135.0,IA,Iowa,10.649999999999999,34.55
19023,3942.0,197.0,464.0,1023.0,0.0,IA,Iowa,10.05,39.650000000000006
19025,2663.0,184.0,396.0,2890.0,0.0,IA,Iowa,9.95,40.15
19027,5149.0,386.0,698.0,1855.0,1685.0,IA,Iowa,9.600000000000001,38.8
19029,4449.0,351.0,870.0,4013.0,1177.0,IA,Iowa,10.649999999999999,42.4
19031,3576.0,191.0,390.0,4173.0,235.0,IA,Iowa,9.15,39.8
19033,11932.0,1378.0,2302.0,9551.0,7033.0,IA,Iowa,9.75,35.5
19035,3183.0,309.0,600.0,2813.0,716.0,IA,Iowa,10.55,42.3
19037,2871.0,233.0,346.0,1571.0,274.0,IA,Iowa,9.35,39.150000000000006
19039,3431.0,216.0,549.0,856.0,235.0,IA,Iowa,11.45,42.95
19041,5299.0,543.0,916.0,2475.0,2003.0,IA,Iowa,9.55,37.25
19043,5015.0,453.0,761.0,454.0,0.0,IA,Iowa,10.65,40.1
19045,14694.0,1460.0,2635.0,14595.0,11055.0,IA,Iowa,10.5,41.3
19047,5765.0,439.0,742.0,5481.0,2435.0,IA,Iowa,11.75,38.599999999999994
19049,12898.0,1059.0,2026.0,14600.0,14600.0,IA,Iowa,7.300000000000001,35.25
19051,2839.0,425.0,328.0,956.0,0.0,IA,Iowa,9.6,36.8
19053,3145.0,313.0,550.0,833.0,0.0,IA,Iowa,10.0,37.1
19055,4422.0,259.0,428.0,2009.0,976.0,IA,Iowa,9.3,36.25
19057,12908.0,1226.0,2724.0,12123.0,9431.0,IA,Iowa,10.3,38.45
19059,4093.0,396.0,508.0,1399.0,373.0,IA,Iowa,9.149999999999999,37.05
19061,23537.0,2298.0,3707.0,21777.0,21540.0,IA,Iowa,8.899999999999999,32.599999999999994
19063,2910.0,179.0,496.0,3224.0,1009.0,IA,Iowa,10.35,39.25
19065,6226.0,428.0,1032.0,842.0,625.0,IA,Iowa,10.600000000000001,40.900000000000006
19067,5266.0,511.0,890.0,3625.0,977.0,IA,Iowa,10.0,38.35
19069,3441.0,172.0,455.0,2103.0,361.0,IA,Iowa,10.8,38.95
19071,2190.0,113.0,324.0,5656.0,0.0,IA,Iowa,10.2,38.849999999999994
19073,2601.0,199.0,565.0,1735.0,988.0,IA,Iowa,10.350000000000001,36.3
19075,2545.0,180.0,301.0,0.0,0.0,IA,Iowa,8.45,37.349999999999994
19077,3027.0,146.0,384.0,1241.0,0.0,IA,Iowa,9.5,36.2
19079,3906.0,266.0,539.0,1568.0,488.0,IA,Iowa,9.2,39.1
19081,2654.0,214.0,269.0,1094.0,0.0,IA,Iowa,9.65,36.3
19083,4675.0,407.0,483.0,1504.0,1431.0,IA,Iowa,9.8,36.7
19085,3759.0,315.0,652.0,2947.0,687.0,IA,Iowa,9.399999999999999,38.65
19087,5708.0,278.0,883.0,6774.0,3354.0,IA,Iowa,9.6,39.15
19089,2563.0,273.0,306.0,3615.0,293.0,IA,Iowa,9.5,35.150000000000006
19091,2910.0,233.0,490.0,2409.0,1307.0,IA,Iowa,10.35,37.7
19093,1866.0,190.0,344.0,89.0,0.0,IA,Iowa,10.05,35.95
19095,4021.0,249.0,301.0,841.0,0.0,IA,Iowa,9.0,37.349999999999994
19097,5267.0,554.0,928.0,4764.0,1532.0,IA,Iowa,10.0,37.150000000000006
19099,10639.0,749.0,1954.0,5964.0,1937.0,IA,Iowa,9.350000000000001,36.3
19101,7128.0,475.0,974.0,3118.0,1702.0,IA,Iowa,10.350000000000001,34.8
19103,44295.0,3864.0,4249.0,11214.0,9723.0,IA,Iowa,7.8500000000000005,32.2
19105,5478.0,446.0,661.0,3217.0,709.0,IA,Iowa,9.899999999999999,42.8
19107,3277.0,111.0,500.0,2672.0,0.0,IA,Iowa,10.35,39.25
19109,4195.0,274.0,600.0,2908.0,1511.0,IA,Iowa,10.350000000000001,38.85
19111,11389.0,1003.0,2249.0,10144.0,8885.0,IA,Iowa,10.7,41.150000000000006
19113,53111.0,4524.0,9080.0,61577.0,57368.0,IA,Iowa,8.55,38.45
19115,3655.0,259.0,439.0,130.0,0.0,IA,Iowa,10.7,40.6
19117,2829.0,238.0,432.0,2450.0,1708.0,IA,Iowa,10.95,37.849999999999994
19119,2541.0,110.0,249.0,1478.0,0.0,IA,Iowa,8.75,36.95
19121,3362.0,278.0,473.0,3095.0,291.0,IA,Iowa,8.25,38.5
19123,7627.0,629.0,1277.0,5723.0,2878.0,IA,Iowa,9.75,39.3
19125,7957.0,804.0,1559.0,5308.0,2824.0,IA,Iowa,8.85,36.55
19127,12369.0,1040.0,1832.0,11421.0,10889.0,IA,Iowa,10.45,37.1
19129,3478.0,188.0,445.0,2000.0,780.0,IA,Iowa,9.0,37.599999999999994
19131,2988.0,200.0,198.0,2398.0,176.0,IA,Iowa,9.600000000000001,37.599999999999994
19133,3039.0,197.0,602.0,1510.0,111.0,IA,Iowa,10.350000000000001,40.7
19135,2675.0,198.0,428.0,708.0,0.0,IA,Iowa,9.3,37.650000000000006
19137,3618.0,305.0,795.0,2222.0,206.0,IA,Iowa,10.850000000000001,37.65
19139,12187.0,820.0,1384.0,7264.0,6361.0,IA,Iowa,9.75,38.6
19141,3759.0,549.0,619.0,1721.0,1457.0,IA,Iowa,9.9,36.5
19143,2030.0,122.0,253.0,1916.0,721.0,IA,Iowa,9.9,39.65
19145,4451.0,382.0,688.0,1698.0,866.0,IA,Iowa,10.7,42.55
19147,2191.0,174.0,340.0,2304.0,523.0,IA,Iowa,9.399999999999999,38.35
19149,5656.0,520.0,658.0,3971.0,1707.0,IA,Iowa,9.0,36.45
19151,2261.0,193.0,384.0,1632.0,0.0,IA,Iowa,10.5,39.3
19153,125420.0,10828.0,23392.0,83600.0,83466.0,IA,Iowa,8.5,35.8
19155,25695.0,2514.0,4640.0,28526.0,19478.0,IA,Iowa,9.9,38.349999999999994
19157,4748.0,384.0,753.0,1158.0,977.0,IA,Iowa,9.2,36.85
19159,1568.0,70.0,220.0,560.0,0.0,IA,Iowa,10.4,38.45
19161,2691.0,127.0,342.0,1154.0,0.0,IA,Iowa,9.850000000000001,38.7
19163,45798.0,4100.0,6738.0,22927.0,21537.0,IA,Iowa,9.35,37.349999999999994
19165,3173.0,290.0,528.0,2671.0,332.0,IA,Iowa,9.5,36.45
19167,7121.0,441.0,678.0,523.0,488.0,IA,Iowa,7.550000000000001,37.55
19169,31680.0,2287.0,2358.0,20727.0,20032.0,IA,Iowa,8.0,30.65
19171,5186.0,214.0,586.0,2731.0,2577.0,IA,Iowa,11.0,42.75
19173,1981.0,147.0,264.0,266.0,0.0,IA,Iowa,9.85,37.5
19175,4365.0,303.0,625.0,2773.0,1265.0,IA,Iowa,9.649999999999999,37.5
19177,2424.0,176.0,330.0,1838.0,0.0,IA,Iowa,11.25,39.849999999999994
19179,13969.0,1117.0,2704.0,17945.0,16136.0,IA,Iowa,10.95,40.4
19181,8728.0,683.0,1645.0,13022.0,9907.0,IA,Iowa,7.85,37.650000000000006
19183,6193.0,336.0,751.0,1927.0,669.0,IA,Iowa,9.25,36.7
19185,2488.0,247.0,339.0,2560.0,0.0,IA,Iowa,10.55,41.15
19187,13173.0,1173.0,2012.0,12289.0,11882.0,IA,Iowa,10.05,33.95
19189,2926.0,175.0,312.0,850.0,850.0,IA,Iowa,9.350000000000001,37.75
19191,3683.0,268.0,417.0,2256.0,2027.0,IA,Iowa,8.6,33.55
19193,32835.0,2965.0,5347.0,19603.0,14617.0,IA,Iowa,10.6,38.35
19195,1993.0,157.0,321.0,617.0,0.0,IA,Iowa,9.399999999999999,37.349999999999994
19197,4412.0,403.0,691.0,1642.0,781.0,IA,Iowa,10.75,39.400000000000006
20001,4611.0,295.0,584.0,2064.0,458.0,KS,Kansas,11.85,41.400000000000006
20003,2722.0,203.0,223.0,1499.0,0.0,KS,Kansas,11.350000000000001,39.05
20005,5143.0,495.0,697.0,4857.0,3619.0,KS,Kansas,10.95,42.95
20007,1771.0,106.0,165.0,560.0,7.0,KS,Kansas,12.1,38.5
20009,9586.0,677.0,924.0,9523.0,6602.0,KS,Kansas,11.8,39.45
20011,6485.0,357.0,684.0,4179.0,1756.0,KS,Kansas,11.1,40.400000000000006
20013,3454.0,157.0,382.0,3767.0,3343.0,KS,Kansas,12.2,37.75
20015,17697.0,1248.0,1800.0,17737.0,12505.0,KS,Kansas,10.100000000000001,39.95
20017,862.0,65.0,92.0,2615.0,240.0,KS,Kansas,11.3,38.599999999999994
20019,1519.0,122.0,186.0,1344.0,1.0,KS,Kansas,13.7,42.85
20021,8186.0,562.0,938.0,10030.0,9884.0,KS,Kansas,11.95,42.9
20023,823.0,42.0,21.0,872.0,23.0,KS,Kansas,12.4,38.650000000000006
20025,674.0,17.0,52.0,2215.0,2021.0,KS,Kansas,10.7,38.5
20027,2015.0,85.0,186.0,2628.0,367.0,KS,Kansas,10.8,38.15
20029,3607.0,210.0,309.0,3497.0,643.0,KS,Kansas,11.45,37.349999999999994
20031,2343.0,138.0,298.0,5087.0,1277.0,KS,Kansas,10.850000000000001,38.2
20033,321.0,5.0,11.0,337.0,13.0,KS,Kansas,10.65,37.650000000000006
20035,13003.0,830.0,1957.0,10348.0,7704.0,KS,Kansas,12.9,43.2
20037,16040.0,1172.0,1731.0,11785.0,10042.0,KS,Kansas,11.25,38.6
20039,1011.0,57.0,128.0,825.0,11.0,KS,Kansas,11.45,37.2
20041,6676.0,494.0,777.0,2774.0,1354.0,KS,Kansas,10.399999999999999,38.2
20043,2290.0,147.0,287.0,2594.0,0.0,KS,Kansas,11.25,40.05
20045,37229.0,2678.0,2837.0,24440.0,24429.0,KS,Kansas,8.8,30.85
20047,936.0,47.0,105.0,477.0,3.0,KS,Kansas,12.25,39.45
20049,1123.0,85.0,131.0,1062.0,0.0,KS,Kansas,13.85,42.599999999999994
20051,9345.0,615.0,714.0,6102.0,2823.0,KS,Kansas,9.55,36.9
20053,1827.0,173.0,153.0,2031.0,0.0,KS,Kansas,11.1,39.15
20055,14634.0,525.0,1295.0,8066.0,7132.0,KS,Kansas,13.0,38.8
20057,14427.0,579.0,1069.0,8078.0,5323.0,KS,Kansas,12.7,43.900000000000006
20059,8133.0,408.0,898.0,12267.0,9577.0,KS,Kansas,10.3,40.6
20061,12511.0,580.0,865.0,12685.0,11892.0,KS,Kansas,10.75,41.45
20063,876.0,15.0,54.0,2626.0,403.0,KS,Kansas,10.75,38.25
20065,921.0,37.0,83.0,576.0,0.0,KS,Kansas,12.649999999999999,36.5
20067,2586.0,50.0,120.0,1699.0,1289.0,KS,Kansas,11.3,35.900000000000006
20069,1432.0,30.0,55.0,2734.0,0.0,KS,Kansas,9.7,37.3
20071,352.0,20.0,25.0,172.0,2.0,KS,Kansas,11.3,39.35
20073,2422.0,148.0,314.0,3245.0,371.0,KS,Kansas,12.399999999999999,41.0
20075,1101.0,22.0,41.0,417.0,5.0,KS,Kansas,11.65,40.5
20077,1890.0,95.0,212.0,1559.0,0.0,KS,Kansas,12.95,40.599999999999994
20079,9197.0,718.0,762.0,1414.0,1057.0,KS,Kansas,10.25,39.3
20081,1469.0,18.0,37.0,870.0,0.0,KS,Kansas,12.15,40.35
20083,505.0,16.0,29.0,612.0,0.0,KS,Kansas,10.4,36.099999999999994
20085,3448.0,200.0,369.0,2698.0,647.0,KS,Kansas,10.8,40.25
20087,4308.0,193.0,479.0,207.0,0.0,KS,Kansas,9.95,33.75
20089,1194.0,67.0,93.0,823.0,0.0,KS,Kansas,12.8,41.1
20091,90546.0,7666.0,7264.0,105376.0,105376.0,KS,Kansas,7.55,29.299999999999997
20093,1454.0,34.0,117.0,350.0,4.0,KS,Kansas,13.15,43.400000000000006
20095,1656.0,74.0,135.0,3329.0,873.0,KS,Kansas,10.7,37.650000000000006
20097,729.0,55.0,76.0,1015.0,0.0,KS,Kansas,10.399999999999999,34.650000000000006
20099,7578.0,469.0,770.0,5223.0,3161.0,KS,Kansas,12.350000000000001,43.25
20101,527.0,29.0,55.0,390.0,0.0,KS,Kansas,11.3,42.1
20103,16890.0,1271.0,1916.0,34915.0,34114.0,KS,Kansas,10.6,38.7
20105,871.0,29.0,69.0,1024.0,4.0,KS,Kansas,11.649999999999999,38.8
20107,3766.0,191.0,359.0,1543.0,0.0,KS,Kansas,11.5,38.1
20109,910.0,29.0,90.0,503.0,291.0,KS,Kansas,11.2,39.900000000000006
20111,13009.0,920.0,1291.0,5912.0,2809.0,KS,Kansas,11.35,41.0
20113,7434.0,507.0,742.0,7864.0,4344.0,KS,Kansas,9.95,35.599999999999994
20115,3690.0,212.0,202.0,3001.0,0.0,KS,Kansas,10.6,36.75
20117,3032.0,179.0,235.0,3706.0,3331.0,KS,Kansas,10.8,39.7
20119,1220.0,62.0,114.0,2333.0,2.0,KS,Kansas,11.45,39.75
20121,6667.0,429.0,1044.0,8423.0,7441.0,KS,Kansas,8.95,39.7
20123,2305.0,88.0,119.0,2075.0,1064.0,KS,Kansas,10.6,37.9
20125,12983.0,958.0,2079.0,8682.0,4703.0,KS,Kansas,12.7,43.2
20127,1671.0,142.0,127.0,1952.0,0.0,KS,Kansas,11.0,36.75
20129,1012.0,40.0,19.0,845.0,2.0,KS,Kansas,12.25,39.15
20131,2542.0,157.0,153.0,3112.0,1573.0,KS,Kansas,9.55,37.35
20133,6271.0,488.0,872.0,2376.0,1339.0,KS,Kansas,11.65,39.85
20135,1031.0,11.0,44.0,834.0,5.0,KS,Kansas,11.0,37.95
20137,1734.0,78.0,136.0,1265.0,57.0,KS,Kansas,10.55,37.55
20139,4445.0,231.0,528.0,2291.0,255.0,KS,Kansas,10.75,43.6
20141,1026.0,67.0,108.0,892.0,16.0,KS,Kansas,11.25,38.75
20143,1790.0,64.0,131.0,1567.0,0.0,KS,Kansas,11.2,39.849999999999994
20145,2074.0,124.0,133.0,2443.0,1627.0,KS,Kansas,11.3,36.4
20147,1752.0,93.0,154.0,2212.0,218.0,KS,Kansas,11.55,37.099999999999994
20149,5630.0,247.0,613.0,2273.0,0.0,KS,Kansas,9.25,36.8
20151,3223.0,162.0,201.0,3086.0,2115.0,KS,Kansas,10.95,38.95
20153,793.0,67.0,50.0,899.0,27.0,KS,Kansas,12.649999999999999,38.85
20155,21241.0,1627.0,3031.0,18781.0,12476.0,KS,Kansas,12.15,41.65
20157,1256.0,126.0,137.0,1265.0,0.0,KS,Kansas,11.649999999999999,38.1
20159,3245.0,159.0,339.0,2575.0,694.0,KS,Kansas,10.6,38.25
20161,27733.0,1702.0,1536.0,38077.0,34706.0,KS,Kansas,8.9,30.5
20163,1516.0,77.0,116.0,750.0,0.0,KS,Kansas,10.8,36.150000000000006
20165,948.0,42.0,132.0,986.0,0.0,KS,Kansas,11.55,41.1
20167,1843.0,123.0,143.0,2208.0,1132.0,KS,Kansas,11.55,39.45
20169,17649.0,1753.0,2111.0,11134.0,9871.0,KS,Kansas,10.5,36.25
20171,1364.0,18.0,64.0,1206.0,1206.0,KS,Kansas,11.85,39.55
20173,168979.0,12120.0,20774.0,138238.0,136796.0,KS,Kansas,11.5,39.3
20175,10131.0,413.0,558.0,3591.0,2638.0,KS,Kansas,13.65,43.3
20177,53466.0,5524.0,6464.0,42434.0,42297.0,KS,Kansas,11.95,39.2
20179,799.0,46.0,63.0,880.0,3.0,KS,Kansas,10.2,37.5
20181,1965.0,79.0,260.0,4704.0,4051.0,KS,Kansas,10.9,39.75
20183,1306.0,57.0,119.0,1440.0,0.0,KS,Kansas,11.3,37.400000000000006
20185,1415.0,56.0,146.0,1129.0,0.0,KS,Kansas,11.6,39.900000000000006
20187,577.0,25.0,13.0,236.0,0.0,KS,Kansas,13.45,42.8
20189,1960.0,80.0,135.0,1745.0,762.0,KS,Kansas,12.4,39.85
20191,6874.0,432.0,966.0,3287.0,1742.0,KS,Kansas,10.75,40.55
20193,2178.0,77.0,216.0,5300.0,4237.0,KS,Kansas,10.2,37.75
20195,687.0,8.0,44.0,539.0,0.0,KS,Kansas,10.600000000000001,35.349999999999994
20197,1588.0,61.0,120.0,2948.0,0.0,KS,Kansas,9.9,37.0
20199,459.0,12.0,41.0,487.0,0.0,KS,Kansas,11.15,37.55
20201,1761.0,71.0,102.0,2942.0,0.0,KS,Kansas,10.75,41.75
20203,738.0,45.0,40.0,258.0,0.0,KS,Kansas,12.2,39.65
20205,3430.0,245.0,448.0,1827.0,1120.0,KS,Kansas,12.25,36.95
20207,1504.0,80.0,235.0,614.0,0.0,KS,Kansas,12.05,38.95
20209,75038.0,5702.0,9214.0,45501.0,45501.0,KS,Kansas,15.35,41.6
21001,8609.0,443.0,1191.0,1206.0,0.0,KY,Kentucky,12.5,40.4
21003,9117.0,445.0,932.0,4336.0,3555.0,KY,Kentucky,12.25,42.3
21005,7553.0,346.0,946.0,1669.0,934.0,KY,Kentucky,10.6,34.599999999999994
21007,2990.0,242.0,405.0,2.0,0.0,KY,Kentucky,12.5,40.55
21009,20003.0,989.0,2831.0,6556.0,4092.0,KY,Kentucky,13.25,42.05
21011,5699.0,399.0,1071.0,197.0,0.0,KY,Kentucky,12.75,38.75
21013,16766.0,1559.0,3872.0,4010.0,2806.0,KY,Kentucky,15.35,46.3
21015,26252.0,1484.0,2893.0,59192.0,59192.0,KY,Kentucky,9.25,35.15
21017,7552.0,476.0,1137.0,5335.0,5328.0,KY,Kentucky,12.0,37.3
21019,17809.0,1653.0,3258.0,16951.0,16951.0,KY,Kentucky,11.8,39.7
21021,10322.0,738.0,1594.0,6154.0,5287.0,KY,Kentucky,11.3,39.9
21023,2963.0,233.0,515.0,48.0,0.0,KY,Kentucky,12.25,38.900000000000006
21025,8131.0,804.0,1887.0,2994.0,2435.0,KY,Kentucky,14.3,39.75
21027,7918.0,580.0,1290.0,2280.0,0.0,KY,Kentucky,12.850000000000001,42.25
21029,20128.0,751.0,2669.0,33638.0,32235.0,KY,Kentucky,10.5,37.900000000000006
21031,5644.0,326.0,726.0,1303.0,0.0,KY,Kentucky,12.399999999999999,38.599999999999994
21033,4429.0,265.0,798.0,217.0,0.0,KY,Kentucky,12.350000000000001,36.9
21035,14649.0,926.0,1457.0,6140.0,3885.0,KY,Kentucky,11.05,38.95
21037,25666.0,2875.0,2971.0,35334.0,35334.0,KY,Kentucky,9.8,34.95
21039,2176.0,108.0,234.0,404.0,0.0,KY,Kentucky,13.5,42.6
21041,4285.0,278.0,779.0,0.0,0.0,KY,Kentucky,12.9,41.65
21043,14022.0,585.0,2307.0,2173.0,2069.0,KY,Kentucky,13.95,42.5
21045,8189.0,375.0,1486.0,1514.0,0.0,KY,Kentucky,14.2,42.95
21047,30771.0,2401.0,4486.0,24554.0,23488.0,KY,Kentucky,12.5,38.1
21049,12365.0,910.0,2143.0,5999.0,5999.0,KY,Kentucky,11.05,38.55
21051,12091.0,1006.0,2682.0,5481.0,3154.0,KY,Kentucky,15.0,43.0
21053,5670.0,303.0,954.0,164.0,0.0,KY,Kentucky,14.35,41.15
21055,3616.0,306.0,377.0,1104.0,1096.0,KY,Kentucky,12.5,42.150000000000006
21057,3083.0,271.0,446.0,134.0,0.0,KY,Kentucky,14.55,43.4
21059,34982.0,2630.0,4466.0,18234.0,17528.0,KY,Kentucky,11.2,41.9
21061,5279.0,199.0,783.0,665.0,0.0,KY,Kentucky,12.9,39.2
21063,3379.0,158.0,806.0,0.0,0.0,KY,Kentucky,14.2,44.4
21065,7714.0,393.0,1517.0,9.0,0.0,KY,Kentucky,14.1,42.400000000000006
21067,107085.0,10138.0,13424.0,61143.0,61143.0,KY,Kentucky,10.25,35.0
21069,6205.0,405.0,1207.0,947.0,0.0,KY,Kentucky,12.45,39.45
21071,19382.0,1444.0,4572.0,2525.0,2510.0,KY,Kentucky,14.2,43.15
21073,13354.0,1388.0,2255.0,12228.0,11929.0,KY,Kentucky,10.8,37.650000000000006
21075,3077.0,474.0,647.0,6.0,0.0,KY,Kentucky,15.45,44.9
21077,3586.0,180.0,351.0,0.0,0.0,KY,Kentucky,12.15,39.400000000000006
21079,6040.0,324.0,1185.0,0.0,0.0,KY,Kentucky,11.8,41.5
21081,10464.0,404.0,1439.0,1198.0,0.0,KY,Kentucky,10.899999999999999,43.5
21083,14253.0,1190.0,1881.0,7525.0,4541.0,KY,Kentucky,12.899999999999999,41.05
21085,12527.0,621.0,1857.0,5057.0,0.0,KY,Kentucky,13.399999999999999,40.95
21087,5044.0,300.0,806.0,1135.0,0.0,KY,Kentucky,14.45,43.95
21089,12339.0,624.0,2087.0,7436.0,7203.0,KY,Kentucky,11.9,41.9
21091,2713.0,134.0,398.0,1581.0,1543.0,KY,Kentucky,11.3,37.4
21093,34128.0,2362.0,5045.0,29278.0,25497.0,KY,Kentucky,11.05,42.0
21095,16323.0,1468.0,3439.0,1828.0,1827.0,KY,Kentucky,15.9,45.3
21097,6527.0,486.0,1031.0,2932.0,1200.0,KY,Kentucky,11.899999999999999,41.7
21099,8860.0,925.0,1376.0,1647.0,0.0,KY,Kentucky,13.45,38.75
21101,17095.0,1600.0,2814.0,4485.0,2003.0,KY,Kentucky,11.899999999999999,37.7
21103,5965.0,276.0,1055.0,554.0,0.0,KY,Kentucky,12.35,40.5
21105,2021.0,141.0,220.0,183.0,0.0,KY,Kentucky,13.85,38.8
21107,17515.0,1240.0,2717.0,9123.0,9122.0,KY,Kentucky,12.55,41.2
21109,6903.0,452.0,1535.0,1089.0,0.0,KY,Kentucky,15.0,43.05
21111,242579.0,29860.0,38977.0,164461.0,164461.0,KY,Kentucky,11.7,37.3
21113,17284.0,860.0,3066.0,12166.0,12166.0,KY,Kentucky,10.399999999999999,37.1
21115,9958.0,1069.0,2359.0,736.0,0.0,KY,Kentucky,13.4,37.7
21117,45241.0,5106.0,7045.0,58147.0,58147.0,KY,Kentucky,9.9,34.55
21119,8745.0,799.0,2243.0,142.0,0.0,KY,Kentucky,15.35,40.150000000000006
21121,18246.0,1385.0,3873.0,8906.0,7924.0,KY,Kentucky,15.05,42.1
21123,5924.0,242.0,1117.0,2692.0,2503.0,KY,Kentucky,11.85,40.65
21125,28729.0,1565.0,4774.0,14414.0,14144.0,KY,Kentucky,12.7,46.95
21127,8485.0,466.0,1429.0,1474.0,0.0,KY,Kentucky,14.2,42.2
21129,3621.0,349.0,999.0,2.0,0.0,KY,Kentucky,15.6,41.1
21131,5378.0,508.0,1110.0,950.0,0.0,KY,Kentucky,15.15,44.75
21133,12572.0,808.0,3122.0,0.0,0.0,KY,Kentucky,14.95,41.900000000000006
21135,6814.0,511.0,1516.0,161.0,0.0,KY,Kentucky,15.45,43.3
21137,11480.0,649.0,1803.0,4399.0,0.0,KY,Kentucky,13.1,41.15
21139,3407.0,229.0,569.0,1468.0,0.0,KY,Kentucky,12.25,38.8
21141,10407.0,853.0,1345.0,2643.0,0.0,KY,Kentucky,12.25,41.45
21143,2372.0,62.0,356.0,274.0,0.0,KY,Kentucky,12.0,38.55
21145,23248.0,2036.0,3750.0,25492.0,25491.0,KY,Kentucky,11.899999999999999,33.9
21147,11332.0,688.0,1957.0,522.0,0.0,KY,Kentucky,16.15,44.599999999999994
21149,3243.0,184.0,599.0,314.0,0.0,KY,Kentucky,11.25,38.95
21151,30364.0,1769.0,4668.0,21349.0,21343.0,KY,Kentucky,10.0,39.75
21153,6955.0,482.0,1771.0,318.0,0.0,KY,Kentucky,15.25,46.400000000000006
21155,8214.0,581.0,1663.0,2912.0,2499.0,KY,Kentucky,12.5,40.5
21157,9447.0,642.0,1326.0,2898.0,2280.0,KY,Kentucky,11.2,37.4
21159,5651.0,409.0,1198.0,254.0,0.0,KY,Kentucky,13.05,40.099999999999994
21161,7215.0,659.0,1095.0,3069.0,2841.0,KY,Kentucky,12.35,37.55
21163,8679.0,386.0,1272.0,4741.0,3630.0,KY,Kentucky,10.55,38.5
21165,2825.0,200.0,562.0,67.0,0.0,KY,Kentucky,14.05,43.9
21167,7605.0,546.0,1144.0,3142.0,2717.0,KY,Kentucky,11.2,39.0
21169,5243.0,136.0,801.0,80.0,0.0,KY,Kentucky,12.7,40.0
21171,5033.0,416.0,670.0,381.0,0.0,KY,Kentucky,13.5,40.4
21173,12327.0,607.0,1968.0,3857.0,3857.0,KY,Kentucky,12.149999999999999,41.95
21175,6014.0,330.0,1348.0,1059.0,0.0,KY,Kentucky,13.3,43.15
21177,12623.0,796.0,1912.0,4245.0,4038.0,KY,Kentucky,12.35,41.05
21179,13499.0,1046.0,2068.0,1681.0,0.0,KY,Kentucky,10.35,36.65
21181,3480.0,299.0,588.0,42.0,0.0,KY,Kentucky,12.8,41.75
21183,10401.0,354.0,1354.0,1635.0,0.0,KY,Kentucky,12.25,40.4
21185,7906.0,414.0,914.0,23375.0,23375.0,KY,Kentucky,8.55,31.65
21187,4996.0,122.0,597.0,1007.0,0.0,KY,Kentucky,11.7,38.55
21189,2466.0,201.0,793.0,108.0,0.0,KY,Kentucky,14.35,44.55
21191,4742.0,187.0,791.0,86.0,0.0,KY,Kentucky,11.85,38.7
21193,13926.0,1424.0,3470.0,314.0,0.0,KY,Kentucky,13.75,42.3
21195,29143.0,2020.0,5688.0,92.0,0.0,KY,Kentucky,13.7,43.599999999999994
21197,5338.0,364.0,1359.0,0.0,0.0,KY,Kentucky,12.149999999999999,39.8
21199,28141.0,2063.0,4745.0,14920.0,10086.0,KY,Kentucky,13.4,39.400000000000006
21201,826.0,48.0,151.0,1706.0,0.0,KY,Kentucky,13.05,41.5
21203,7482.0,658.0,1501.0,78.0,0.0,KY,Kentucky,13.25,43.95
21205,10928.0,746.0,1706.0,420.0,0.0,KY,Kentucky,11.15,39.650000000000006
21207,8549.0,441.0,1227.0,712.0,0.0,KY,Kentucky,13.05,40.75
21209,13131.0,913.0,2458.0,11088.0,8840.0,KY,Kentucky,9.5,40.15
21211,14834.0,595.0,2017.0,274.0,190.0,KY,Kentucky,10.65,36.45
21213,6427.0,207.0,815.0,3099.0,3099.0,KY,Kentucky,11.350000000000001,39.15
21215,3485.0,99.0,363.0,0.0,0.0,KY,Kentucky,9.850000000000001,36.5
21217,11299.0,810.0,1725.0,2007.0,1471.0,KY,Kentucky,11.2,39.349999999999994
21219,5474.0,477.0,948.0,919.0,0.0,KY,Kentucky,12.850000000000001,41.05
21221,4139.0,322.0,653.0,1287.0,0.0,KY,Kentucky,12.7,41.65
21223,3210.0,248.0,517.0,0.0,0.0,KY,Kentucky,11.45,40.85
21225,6528.0,292.0,723.0,5022.0,5016.0,KY,Kentucky,11.7,39.5
21227,44154.0,2821.0,6075.0,18236.0,18185.0,KY,Kentucky,10.95,38.55
21229,3890.0,226.0,654.0,1894.0,0.0,KY,Kentucky,11.5,42.3
21231,10608.0,752.0,1674.0,4029.0,3023.0,KY,Kentucky,14.15,43.0
21233,5687.0,265.0,818.0,3776.0,0.0,KY,Kentucky,13.0,40.400000000000006
21235,17488.0,872.0,2948.0,1516.0,456.0,KY,Kentucky,12.7,41.75
21237,4169.0,586.0,1147.0,412.0,0.0,KY,Kentucky,17.25,43.45
21239,6816.0,495.0,1029.0,11101.0,11101.0,KY,Kentucky,10.0,36.05
22001,27464.0,1845.0,4359.0,4092.0,4022.0,LA,Louisiana,13.45,39.5
22003,9226.0,604.0,1340.0,7236.0,4492.0,LA,Louisiana,13.05,41.5
22005,29368.0,1690.0,4813.0,45353.0,45353.0,LA,Louisiana,10.65,36.599999999999994
22007,9348.0,614.0,1398.0,208.0,0.0,LA,Louisiana,14.350000000000001,38.95
22009,18527.0,1286.0,3083.0,8645.0,6997.0,LA,Louisiana,15.25,43.05
22011,13143.0,863.0,1681.0,19901.0,8804.0,LA,Louisiana,11.55,40.0
22013,6981.0,748.0,1466.0,5115.0,2179.0,LA,Louisiana,17.799999999999997,45.75
22015,42540.0,2193.0,5637.0,30225.0,29475.0,LA,Louisiana,11.9,37.6
22017,109974.0,10179.0,17600.0,88708.0,85757.0,LA,Louisiana,15.15,41.4
22019,74341.0,4763.0,10575.0,65763.0,64173.0,LA,Louisiana,11.5,39.650000000000006
22021,4524.0,340.0,577.0,800.0,0.0,LA,Louisiana,14.25,41.150000000000006
22023,2155.0,26.0,208.0,1750.0,421.0,LA,Louisiana,11.600000000000001,36.35
22025,3622.0,285.0,563.0,3669.0,0.0,LA,Louisiana,14.85,43.9
22027,8146.0,588.0,1514.0,2976.0,1053.0,LA,Louisiana,18.6,44.0
22029,9751.0,742.0,1169.0,7666.0,5644.0,LA,Louisiana,17.35,45.15
22031,11420.0,946.0,2191.0,7192.0,1564.0,LA,Louisiana,14.75,43.85
22033,159177.0,11840.0,23814.0,126908.0,126904.0,LA,Louisiana,12.2,36.25
22035,3275.0,406.0,631.0,2606.0,2048.0,LA,Louisiana,22.4,50.35
22037,6627.0,399.0,961.0,296.0,0.0,LA,Louisiana,13.7,42.099999999999994
22039,18165.0,1424.0,2544.0,3224.0,2745.0,LA,Louisiana,15.45,41.5
22041,10046.0,525.0,1613.0,5370.0,795.0,LA,Louisiana,15.45,43.95
22043,8479.0,294.0,1279.0,4348.0,0.0,LA,Louisiana,12.3,38.95
22045,30652.0,2628.0,5325.0,11329.0,11329.0,LA,Louisiana,14.2,43.3
22047,11955.0,989.0,2428.0,1719.0,1531.0,LA,Louisiana,14.35,41.2
22049,7023.0,727.0,1353.0,3402.0,914.0,LA,Louisiana,13.85,44.05
22051,148483.0,12302.0,20746.0,57037.0,57037.0,LA,Louisiana,12.5,36.25
22053,13446.0,837.0,1884.0,4940.0,4375.0,LA,Louisiana,12.149999999999999,41.05
22055,84486.0,6291.0,10553.0,60611.0,60611.0,LA,Louisiana,11.5,39.150000000000006
22057,33519.0,2393.0,4615.0,25802.0,25775.0,LA,Louisiana,12.15,38.75
22059,5903.0,218.0,774.0,3366.0,2576.0,LA,Louisiana,11.5,38.45
22061,21763.0,1866.0,3396.0,15955.0,13747.0,LA,Louisiana,12.600000000000001,41.900000000000006
22063,41289.0,2387.0,6733.0,35940.0,35940.0,LA,Louisiana,10.3,37.25
22065,5873.0,541.0,976.0,689.0,263.0,LA,Louisiana,18.049999999999997,45.8
22067,12618.0,1040.0,1964.0,6397.0,4355.0,LA,Louisiana,17.4,42.0
22069,21433.0,1656.0,4176.0,11019.0,5334.0,LA,Louisiana,14.649999999999999,41.349999999999994
22071,168081.0,29415.0,28390.0,60347.0,60343.0,LA,Louisiana,14.25,34.65
22073,66844.0,5211.0,9520.0,50940.0,49160.0,LA,Louisiana,13.05,37.0
22075,8113.0,491.0,990.0,12651.0,12122.0,LA,Louisiana,12.75,40.25
22077,8889.0,665.0,1390.0,6648.0,6648.0,LA,Louisiana,14.399999999999999,40.25
22079,51933.0,4649.0,8293.0,53428.0,32796.0,LA,Louisiana,13.8,37.349999999999994
22081,4105.0,211.0,525.0,1084.0,0.0,LA,Louisiana,14.9,42.3
22083,9889.0,519.0,1545.0,2491.0,1311.0,LA,Louisiana,15.7,42.95
22085,10277.0,743.0,1761.0,6701.0,1719.0,LA,Louisiana,14.450000000000001,42.9
22087,19951.0,1001.0,2480.0,12779.0,12428.0,LA,Louisiana,13.25,40.95
22089,13346.0,826.0,2427.0,24922.0,24922.0,LA,Louisiana,10.899999999999999,37.400000000000006
22091,4798.0,373.0,998.0,674.0,0.0,LA,Louisiana,16.7,42.95
22093,7974.0,770.0,1217.0,5215.0,5215.0,LA,Louisiana,14.05,39.25
22095,15817.0,1082.0,2930.0,18193.0,18126.0,LA,Louisiana,14.350000000000001,44.85
22097,41787.0,3009.0,5305.0,16443.0,13226.0,LA,Louisiana,15.15,39.95
22099,21940.0,1181.0,3208.0,7675.0,7577.0,LA,Louisiana,13.3,41.25
22101,22826.0,1568.0,3513.0,12543.0,12349.0,LA,Louisiana,15.100000000000001,39.150000000000006
22103,65997.0,3334.0,7620.0,76599.0,75132.0,LA,Louisiana,10.5,35.0
22105,55079.0,3186.0,9913.0,47005.0,45548.0,LA,Louisiana,12.75,40.4
22107,3164.0,260.0,377.0,3091.0,0.0,LA,Louisiana,19.85,45.5
22109,45480.0,3599.0,6525.0,29418.0,26637.0,LA,Louisiana,12.7,39.4
22111,8243.0,554.0,1051.0,8318.0,621.0,LA,Louisiana,14.4,42.0
22113,22278.0,1452.0,3736.0,5244.0,4283.0,LA,Louisiana,12.350000000000001,38.7
22115,20410.0,1130.0,2046.0,25800.0,16992.0,LA,Louisiana,11.350000000000001,39.3
22117,22442.0,1614.0,4763.0,3965.0,1346.0,LA,Louisiana,15.6,44.6
22119,22078.0,1208.0,3117.0,11727.0,7780.0,LA,Louisiana,16.9,43.8
22121,8343.0,667.0,1534.0,4491.0,4244.0,LA,Louisiana,12.1,41.85
22123,5059.0,156.0,465.0,546.0,0.0,LA,Louisiana,13.75,40.9
22125,4097.0,187.0,571.0,5957.0,0.0,LA,Louisiana,12.85,40.65
22127,5544.0,362.0,919.0,2372.0,42.0,LA,Louisiana,14.15,39.75
23001,34131.0,4384.0,8547.0,9957.0,9957.0,ME,Maine,9.2,35.7
23003,27578.0,2666.0,6517.0,7800.0,2119.0,ME,Maine,11.85,39.9
23005,63363.0,8961.0,10572.0,59105.0,59044.0,ME,Maine,7.35,26.3
23007,10270.0,713.0,1802.0,3957.0,3510.0,ME,Maine,9.5,31.6
23009,16526.0,1429.0,2737.0,2177.0,25.0,ME,Maine,8.8,28.700000000000003
23011,37661.0,4152.0,8505.0,6342.0,5237.0,ME,Maine,9.55,34.3
23013,10938.0,1085.0,1832.0,3194.0,2314.0,ME,Maine,8.65,28.7
23015,10118.0,713.0,2078.0,907.0,0.0,ME,Maine,8.35,27.45
23017,22160.0,1315.0,3744.0,8727.0,4493.0,ME,Maine,10.649999999999999,34.25
23019,50986.0,5101.0,10711.0,24131.0,17920.0,ME,Maine,9.55,36.3
23021,7136.0,579.0,1600.0,780.0,20.0,ME,Maine,10.8,36.75
23023,8898.0,980.0,1632.0,3783.0,3347.0,ME,Maine,9.1,28.700000000000003
23025,21797.0,1914.0,4895.0,4859.0,3871.0,ME,Maine,11.149999999999999,37.3
23027,13250.0,927.0,2479.0,4383.0,3566.0,ME,Maine,9.25,36.15
23029,13213.0,1219.0,3170.0,3641.0,1027.0,ME,Maine,11.8,37.05
23031,45860.0,4594.0,8717.0,34111.0,34111.0,ME,Maine,9.45,31.549999999999997
24001,23431.0,2769.0,5359.0,22797.0,21538.0,MD,Maryland,11.35,41.349999999999994
24003,83296.0,7882.0,13240.0,181107.0,181107.0,MD,Maryland,9.6,35.8
24005,181391.0,23861.0,31589.0,175789.0,175789.0,MD,Maryland,11.15,36.55
24009,11925.0,994.0,2286.0,34258.0,34258.0,MD,Maryland,10.25,35.65
24011,11466.0,759.0,2117.0,3039.0,3010.0,MD,Maryland,12.1,42.25
24013,22446.0,2774.0,4069.0,49324.0,49324.0,MD,Maryland,8.75,31.549999999999997
24015,24945.0,2118.0,4224.0,24953.0,24953.0,MD,Maryland,10.4,36.0
24017,25641.0,1999.0,4635.0,54848.0,54564.0,MD,Maryland,11.85,41.95
24019,11276.0,1427.0,3078.0,4519.0,2621.0,MD,Maryland,12.75,38.55
24021,41387.0,3799.0,6245.0,60440.0,60440.0,MD,Maryland,8.9,33.400000000000006
24023,9973.0,791.0,1864.0,4241.0,4161.0,MD,Maryland,11.3,44.1
24025,45146.0,4652.0,7416.0,69125.0,69125.0,MD,Maryland,10.100000000000001,32.35
24027,38761.0,4236.0,5869.0,64737.0,64737.0,MD,Maryland,8.75,27.75
24029,5195.0,947.0,1072.0,337.0,337.0,MD,Maryland,11.149999999999999,34.05
24031,184429.0,28245.0,23661.0,194617.0,194617.0,MD,Maryland,8.55,24.799999999999997
24033,205431.0,26911.0,30648.0,207576.0,207576.0,MD,Maryland,12.85,39.95
24035,7070.0,627.0,1387.0,11215.0,11103.0,MD,Maryland,9.3,35.2
24037,20582.0,1865.0,3900.0,22864.0,22857.0,MD,Maryland,10.2,35.650000000000006
24039,8768.0,989.0,2001.0,4837.0,3674.0,MD,Maryland,13.3,45.85
24041,8325.0,804.0,1934.0,5167.0,5167.0,MD,Maryland,10.4,33.75
24043,41385.0,4591.0,8555.0,42244.0,42244.0,MD,Maryland,11.95,39.6
24045,34318.0,3065.0,6335.0,29361.0,28214.0,MD,Maryland,11.45,36.900000000000006
24047,12766.0,1319.0,2218.0,15775.0,15775.0,MD,Maryland,11.850000000000001,37.5
24510,246443.0,68829.0,58388.0,28080.0,28080.0,MD,Maryland,12.65,36.4
25001,43022.0,4759.0,6692.0,110200.0,110200.0,MA,Massachusetts,8.95,28.65
25003,32701.0,5310.0,7288.0,40596.0,38410.0,MA,Massachusetts,9.05,31.1
25005,142099.0,23107.0,33870.0,144928.0,144928.0,MA,Massachusetts,9.55,30.15
25007,4089.0,188.0,228.0,5322.0,5272.0,MA,Massachusetts,8.6,27.700000000000003
25009,182940.0,31674.0,41092.0,223447.0,223447.0,MA,Massachusetts,9.15,30.05
25011,19282.0,2117.0,3943.0,13616.0,13405.0,MA,Massachusetts,8.95,27.950000000000003
25013,160615.0,24013.0,39435.0,110392.0,107857.0,MA,Massachusetts,11.399999999999999,35.599999999999994
25015,34033.0,4789.0,5535.0,73488.0,70241.0,MA,Massachusetts,7.7,25.299999999999997
25017,265810.0,63306.0,44004.0,370258.0,370258.0,MA,Massachusetts,7.4,23.4
25019,1708.0,238.0,135.0,1386.0,1386.0,MA,Massachusetts,7.95,27.65
25021,98866.0,24529.0,17556.0,239473.0,239473.0,MA,Massachusetts,7.800000000000001,24.75
25023,91302.0,11133.0,19519.0,206118.0,206118.0,MA,Massachusetts,7.8,28.85
25025,267062.0,99703.0,55998.0,7028.0,7028.0,MA,Massachusetts,9.45,24.95
25027,183167.0,28421.0,37712.0,275294.0,275294.0,MA,Massachusetts,9.0,31.25
26001,4092.0,200.0,724.0,1709.0,0.0,MI,Michigan,12.0,35.8
26003,2797.0,204.0,356.0,1225.0,515.0,MI,Michigan,11.2,36.099999999999994
26005,32267.0,1863.0,3265.0,23160.0,23160.0,MI,Michigan,9.649999999999999,38.3
26007,10695.0,958.0,2099.0,4708.0,1644.0,MI,Michigan,11.3,40.6
26009,7713.0,375.0,1018.0,39.0,0.0,MI,Michigan,10.15,35.6
26011,6170.0,384.0,1286.0,1.0,0.0,MI,Michigan,11.4,37.95
26013,2715.0,191.0,463.0,1366.0,208.0,MI,Michigan,12.100000000000001,39.099999999999994
26015,16045.0,833.0,2120.0,19.0,0.0,MI,Michigan,9.149999999999999,36.85
26017,34891.0,3501.0,6756.0,13857.0,13793.0,MI,Michigan,10.65,38.8
26019,4906.0,245.0,489.0,0.0,0.0,MI,Michigan,9.8,33.7
26021,55915.0,5251.0,9280.0,39467.0,39467.0,MI,Michigan,11.65,37.05
26023,15855.0,1112.0,1855.0,6157.0,6031.0,MI,Michigan,11.0,40.25
26025,49318.0,4642.0,8072.0,39610.0,38185.0,MI,Michigan,10.95,39.9
26027,15424.0,927.0,2406.0,6971.0,6962.0,MI,Michigan,10.649999999999999,36.85
26029,7333.0,612.0,1075.0,371.0,171.0,MI,Michigan,9.6,32.9
26031,9307.0,572.0,1470.0,2461.0,1024.0,MI,Michigan,11.2,33.5
26033,13583.0,1232.0,2028.0,7634.0,3845.0,MI,Michigan,11.5,39.8
26035,14895.0,1005.0,2653.0,843.0,405.0,MI,Michigan,12.5,37.55
26037,17177.0,793.0,1978.0,25734.0,25437.0,MI,Michigan,8.7,38.15
26039,4780.0,344.0,1052.0,906.0,0.0,MI,Michigan,11.149999999999999,37.75
26041,12821.0,1294.0,2256.0,5677.0,2152.0,MI,Michigan,11.0,37.05
26043,8501.0,800.0,1485.0,6718.0,4484.0,MI,Michigan,9.7,35.25
26045,27930.0,2255.0,4357.0,33307.0,33284.0,MI,Michigan,9.4,34.4
26047,9719.0,858.0,1271.0,7721.0,4548.0,MI,Michigan,9.2,32.8
26049,158884.0,14812.0,34600.0,152931.0,152931.0,MI,Michigan,11.649999999999999,42.4
26051,10738.0,858.0,2096.0,3365.0,1459.0,MI,Michigan,12.0,38.3
26053,5910.0,674.0,1117.0,2471.0,304.0,MI,Michigan,11.45,34.3
26055,24962.0,1905.0,3629.0,14815.0,14815.0,MI,Michigan,8.8,29.85
26057,14100.0,1001.0,2257.0,16808.0,16156.0,MI,Michigan,10.149999999999999,36.8
26059,16681.0,1333.0,2224.0,2509.0,1982.0,MI,Michigan,10.65,38.25
26061,15110.0,1256.0,1612.0,3831.0,2009.0,MI,Michigan,9.399999999999999,34.0
26063,10616.0,849.0,1497.0,6995.0,937.0,MI,Michigan,11.05,38.75
26065,103641.0,9969.0,14907.0,106764.0,106764.0,MI,Michigan,9.600000000000001,35.849999999999994
26067,19778.0,1210.0,3278.0,17433.0,17433.0,MI,Michigan,9.4,36.349999999999994
26069,10164.0,734.0,2048.0,3351.0,3335.0,MI,Michigan,12.4,39.0
26071,4245.0,375.0,578.0,1657.0,1026.0,MI,Michigan,11.8,35.15
26073,29237.0,1635.0,3068.0,6441.0,6393.0,MI,Michigan,9.8,38.15
26075,50030.0,4589.0,8658.0,48665.0,48626.0,MI,Michigan,10.45,35.8
26077,83509.0,8098.0,12756.0,75749.0,75635.0,MI,Michigan,9.05,34.2
26079,6863.0,357.0,1052.0,790.0,0.0,MI,Michigan,11.3,38.7
26081,196709.0,16940.0,27409.0,122558.0,122558.0,MI,Michigan,9.05,31.55
26083,749.0,37.0,96.0,630.0,367.0,MI,Michigan,9.85,33.25
26085,5559.0,360.0,992.0,165.0,0.0,MI,Michigan,14.15,40.35
26087,24328.0,1663.0,4038.0,6588.0,6588.0,MI,Michigan,10.0,37.15
26089,4745.0,305.0,446.0,1246.0,0.0,MI,Michigan,9.2,32.55
26091,29034.0,2052.0,4456.0,28799.0,28789.0,MI,Michigan,9.850000000000001,35.150000000000006
26093,30210.0,2331.0,3719.0,52267.0,52267.0,MI,Michigan,8.0,29.9
26095,2134.0,159.0,317.0,1889.0,1195.0,MI,Michigan,11.65,38.95
26097,3951.0,790.0,593.0,3850.0,338.0,MI,Michigan,12.45,36.6
26099,235634.0,21112.0,41228.0,229347.0,229347.0,MI,Michigan,9.7,37.7
26101,7964.0,691.0,1189.0,2367.0,2329.0,MI,Michigan,10.7,33.400000000000006
26103,20671.0,1571.0,2995.0,11481.0,8154.0,MI,Michigan,9.2,33.400000000000006
26105,10031.0,706.0,1699.0,7389.0,3734.0,MI,Michigan,10.95,37.45
26107,17477.0,1076.0,2270.0,9799.0,8708.0,MI,Michigan,10.1,34.150000000000006
26109,8032.0,837.0,1211.0,3821.0,2831.0,MI,Michigan,10.65,37.1
26111,22127.0,2061.0,4007.0,16208.0,14867.0,MI,Michigan,9.2,33.45
26113,6196.0,222.0,933.0,632.0,0.0,MI,Michigan,10.8,39.3
26115,39474.0,3344.0,7312.0,24136.0,24136.0,MI,Michigan,9.75,40.85
26117,23277.0,1501.0,3501.0,1580.0,1580.0,MI,Michigan,10.25,37.1
26119,3979.0,188.0,543.0,377.0,0.0,MI,Michigan,12.45,36.55
26121,64118.0,5122.0,12351.0,74103.0,74103.0,MI,Michigan,11.0,42.05
26123,18858.0,891.0,3452.0,2082.0,1584.0,MI,Michigan,10.8,39.4
26125,250098.0,27295.0,38889.0,363394.0,363394.0,MI,Michigan,7.9,29.85
26127,11641.0,551.0,1597.0,2459.0,1520.0,MI,Michigan,11.2,36.05
26129,8999.0,602.0,1879.0,11.0,0.0,MI,Michigan,12.1,38.349999999999994
26131,2326.0,196.0,303.0,2321.0,0.0,MI,Michigan,12.3,38.55
26133,9811.0,729.0,1482.0,12.0,0.0,MI,Michigan,10.850000000000001,37.05
26135,3413.0,285.0,698.0,138.0,0.0,MI,Michigan,12.1,36.1
26137,8528.0,577.0,1426.0,8506.0,7663.0,MI,Michigan,9.899999999999999,34.75
26139,64130.0,4473.0,6082.0,82797.0,82797.0,MI,Michigan,8.3,32.650000000000006
26141,4174.0,225.0,611.0,3110.0,228.0,MI,Michigan,11.55,37.8
26143,10023.0,775.0,1776.0,3259.0,3079.0,MI,Michigan,12.3,36.349999999999994
26145,70715.0,7225.0,15152.0,60220.0,60215.0,MI,Michigan,11.9,42.400000000000006
26147,47325.0,4271.0,9303.0,58183.0,58174.0,MI,Michigan,10.100000000000001,35.75
26149,22290.0,1951.0,3123.0,9300.0,9300.0,MI,Michigan,10.3,38.5
26151,16032.0,1049.0,2513.0,6155.0,3481.0,MI,Michigan,11.2,35.5
26153,3177.0,267.0,586.0,3901.0,2310.0,MI,Michigan,12.25,38.75
26155,20339.0,1535.0,3833.0,19298.0,19298.0,MI,Michigan,9.649999999999999,35.6
26157,19753.0,1110.0,3363.0,8541.0,3488.0,MI,Michigan,11.0,41.25
26159,26857.0,1647.0,4611.0,3751.0,3751.0,MI,Michigan,10.8,37.25
26161,92291.0,11799.0,10880.0,86765.0,86765.0,MI,Michigan,8.05,28.0
26163,748122.0,93668.0,161758.0,269971.0,269971.0,MI,Michigan,12.5,36.849999999999994
26165,13250.0,829.0,2155.0,8128.0,7157.0,MI,Michigan,10.3,36.2
27001,5614.0,436.0,849.0,5476.0,399.0,MN,Minnesota,11.6,37.65
27003,62994.0,5681.0,8820.0,126568.0,126568.0,MN,Minnesota,8.649999999999999,35.55
27005,10269.0,771.0,1494.0,11218.0,2020.0,MN,Minnesota,10.4,42.0
27007,17552.0,1330.0,2216.0,14360.0,4216.0,MN,Minnesota,10.75,32.650000000000006
27009,11890.0,1192.0,1881.0,11536.0,10411.0,MN,Minnesota,8.600000000000001,39.8
27011,1472.0,172.0,149.0,2023.0,0.0,MN,Minnesota,10.5,37.65
27013,22123.0,1762.0,2177.0,24889.0,23947.0,MN,Minnesota,8.55,34.9
27015,6214.0,539.0,692.0,4452.0,4075.0,MN,Minnesota,9.4,35.4
27017,9543.0,661.0,1325.0,6675.0,2643.0,MN,Minnesota,10.05,40.400000000000006
27019,10941.0,1315.0,1304.0,34859.0,34859.0,MN,Minnesota,7.15,31.549999999999997
27021,10001.0,696.0,1500.0,3956.0,12.0,MN,Minnesota,11.149999999999999,36.3
27023,3803.0,276.0,296.0,2019.0,1320.0,MN,Minnesota,10.55,38.2
27025,9070.0,894.0,1448.0,20834.0,20199.0,MN,Minnesota,8.35,36.400000000000006
27027,15184.0,1614.0,1673.0,11335.0,9009.0,MN,Minnesota,8.45,34.75
27029,3380.0,286.0,490.0,3404.0,75.0,MN,Minnesota,10.85,37.3
27031,1610.0,220.0,163.0,1628.0,634.0,MN,Minnesota,9.8,31.299999999999997
27033,3575.0,222.0,516.0,1027.0,0.0,MN,Minnesota,10.75,37.2
27035,18167.0,1487.0,1935.0,8393.0,7041.0,MN,Minnesota,9.35,31.6
27037,71780.0,6742.0,8627.0,137994.0,137994.0,MN,Minnesota,8.1,32.3
27039,4309.0,228.0,439.0,2811.0,2293.0,MN,Minnesota,7.95,35.75
27041,9138.0,793.0,917.0,8894.0,4793.0,MN,Minnesota,8.85,37.25
27043,4001.0,331.0,432.0,1822.0,172.0,MN,Minnesota,10.649999999999999,38.5
27045,5675.0,530.0,590.0,567.0,0.0,MN,Minnesota,9.5,33.75
27047,9553.0,749.0,1308.0,7406.0,6049.0,MN,Minnesota,10.7,36.3
27049,10374.0,1042.0,1120.0,6619.0,6402.0,MN,Minnesota,8.8,37.45
27051,1812.0,108.0,195.0,2654.0,0.0,MN,Minnesota,9.9,36.85
27053,294924.0,50696.0,45008.0,293796.0,293796.0,MN,Minnesota,7.85,27.75
27055,3893.0,360.0,494.0,2610.0,2239.0,MN,Minnesota,8.899999999999999,34.849999999999994
27057,6240.0,364.0,788.0,4721.0,314.0,MN,Minnesota,9.899999999999999,36.45
27059,8409.0,642.0,1004.0,12687.0,10627.0,MN,Minnesota,8.95,33.400000000000006
27061,14848.0,1042.0,2118.0,11428.0,5735.0,MN,Minnesota,10.2,40.5
27063,2711.0,144.0,225.0,1791.0,504.0,MN,Minnesota,9.600000000000001,35.0
27065,4963.0,269.0,658.0,1928.0,708.0,MN,Minnesota,10.2,39.7
27067,13163.0,834.0,1545.0,16794.0,13355.0,MN,Minnesota,9.75,36.3
27069,1276.0,97.0,92.0,1178.0,62.0,MN,Minnesota,9.8,35.599999999999994
27071,4290.0,359.0,829.0,5316.0,2858.0,MN,Minnesota,10.9,35.6
27073,1951.0,142.0,186.0,826.0,0.0,MN,Minnesota,9.75,36.05
27075,2629.0,339.0,364.0,1262.0,584.0,MN,Minnesota,9.65,35.3
27077,1025.0,38.0,99.0,1666.0,125.0,MN,Minnesota,10.55,37.95
27079,6796.0,425.0,781.0,1395.0,1390.0,MN,Minnesota,8.8,36.05
27081,1612.0,89.0,177.0,721.0,0.0,MN,Minnesota,9.7,35.8
27083,7825.0,588.0,884.0,10355.0,5489.0,MN,Minnesota,9.3,36.85
27085,9384.0,682.0,1007.0,17345.0,16615.0,MN,Minnesota,9.1,38.4
27087,2556.0,168.0,394.0,1905.0,24.0,MN,Minnesota,14.5,44.099999999999994
27089,2326.0,169.0,203.0,5754.0,937.0,MN,Minnesota,9.5,37.95
27091,5846.0,465.0,731.0,6484.0,4560.0,MN,Minnesota,10.2,37.05
27093,5545.0,512.0,794.0,6090.0,3096.0,MN,Minnesota,9.399999999999999,33.650000000000006
27095,8549.0,685.0,1053.0,2038.0,1132.0,MN,Minnesota,9.8,39.55
27097,9901.0,855.0,1217.0,10299.0,3930.0,MN,Minnesota,9.7,37.5
27099,12624.0,1173.0,1609.0,7351.0,4413.0,MN,Minnesota,10.0,34.6
27101,2048.0,160.0,193.0,1264.0,0.0,MN,Minnesota,9.8,35.099999999999994
27103,6890.0,880.0,869.0,14697.0,12982.0,MN,Minnesota,8.35,34.45
27105,8276.0,593.0,948.0,6309.0,2975.0,MN,Minnesota,11.5,38.05
27107,1993.0,139.0,193.0,1781.0,0.0,MN,Minnesota,9.899999999999999,37.5
27109,31875.0,3821.0,4778.0,28886.0,28880.0,MN,Minnesota,8.25,29.5
27111,15779.0,1374.0,1612.0,13423.0,5234.0,MN,Minnesota,9.649999999999999,36.65
27113,3702.0,473.0,457.0,2532.0,1359.0,MN,Minnesota,9.1,34.1
27115,9347.0,548.0,1240.0,3576.0,808.0,MN,Minnesota,10.75,41.8
27117,3003.0,288.0,386.0,2955.0,253.0,MN,Minnesota,10.25,36.900000000000006
27119,8667.0,888.0,1145.0,10544.0,5820.0,MN,Minnesota,10.1,39.75
27121,2615.0,178.0,371.0,1369.0,0.0,MN,Minnesota,9.45,34.25
27123,168497.0,21937.0,26850.0,105838.0,105838.0,MN,Minnesota,9.55,31.799999999999997
27125,1054.0,86.0,153.0,4056.0,304.0,MN,Minnesota,10.0,38.45
27127,4758.0,343.0,387.0,6241.0,1086.0,MN,Minnesota,10.0,37.35
27129,4044.0,337.0,423.0,4997.0,0.0,MN,Minnesota,10.05,38.05
27131,15261.0,1566.0,1667.0,11788.0,11788.0,MN,Minnesota,9.0,36.85
27133,2361.0,101.0,249.0,2045.0,865.0,MN,Minnesota,9.3,35.15
27135,4170.0,273.0,352.0,5911.0,1669.0,MN,Minnesota,9.6,35.9
27137,61395.0,7509.0,8772.0,54638.0,45846.0,MN,Minnesota,9.65,34.150000000000006
27139,20737.0,1672.0,2311.0,37783.0,37783.0,MN,Minnesota,7.6,33.65
27141,15845.0,979.0,1338.0,14427.0,14420.0,MN,Minnesota,7.75,38.5
27143,3702.0,215.0,373.0,498.0,0.0,MN,Minnesota,9.350000000000001,37.5
27145,43928.0,3100.0,5422.0,38110.0,33873.0,MN,Minnesota,9.35,40.099999999999994
27147,9465.0,1014.0,1075.0,11297.0,9879.0,MN,Minnesota,9.3,40.45
27149,2863.0,256.0,248.0,1267.0,0.0,MN,Minnesota,8.75,32.7
27151,2949.0,248.0,403.0,2525.0,62.0,MN,Minnesota,10.850000000000001,37.5
27153,8216.0,522.0,892.0,8058.0,779.0,MN,Minnesota,10.95,39.6
27155,940.0,98.0,163.0,551.0,0.0,MN,Minnesota,10.45,37.650000000000006
27157,4146.0,333.0,437.0,2275.0,591.0,MN,Minnesota,8.899999999999999,36.75
27159,5230.0,305.0,583.0,1018.0,0.0,MN,Minnesota,10.55,40.55
27161,4945.0,343.0,625.0,7769.0,4394.0,MN,Minnesota,9.100000000000001,36.25
27163,34566.0,3282.0,3963.0,109180.0,109180.0,MN,Minnesota,7.949999999999999,31.15
27165,3574.0,180.0,385.0,375.0,132.0,MN,Minnesota,10.600000000000001,36.2
27167,1735.0,198.0,409.0,1915.0,155.0,MN,Minnesota,9.65,39.05
27169,14180.0,1558.0,1251.0,6248.0,4923.0,MN,Minnesota,9.100000000000001,37.35
27171,20022.0,1761.0,2499.0,32285.0,32285.0,MN,Minnesota,7.75,34.3
27173,2927.0,210.0,366.0,3375.0,0.0,MN,Minnesota,10.0,37.7
28001,16387.0,998.0,2357.0,9127.0,8766.0,MS,Mississippi,17.6,44.4
28003,16894.0,616.0,2157.0,6992.0,5856.0,MS,Mississippi,12.55,38.7
28005,6290.0,366.0,1051.0,1831.0,0.0,MS,Mississippi,17.35,41.8
28007,10008.0,730.0,1580.0,5300.0,2679.0,MS,Mississippi,16.05,43.05
28009,3581.0,99.0,517.0,3120.0,0.0,MS,Mississippi,14.25,43.1
28011,18463.0,1557.0,3442.0,17388.0,10718.0,MS,Mississippi,18.5,44.65
28013,6703.0,504.0,1009.0,468.0,0.0,MS,Mississippi,15.0,41.650000000000006
28015,3513.0,173.0,300.0,5949.0,0.0,MS,Mississippi,14.950000000000001,40.3
28017,8919.0,589.0,1288.0,1632.0,1316.0,MS,Mississippi,15.850000000000001,44.65
28019,3629.0,243.0,632.0,1104.0,0.0,MS,Mississippi,14.100000000000001,38.3
28021,5464.0,314.0,773.0,1237.0,0.0,MS,Mississippi,19.75,49.650000000000006
28023,6513.0,351.0,1108.0,2267.0,0.0,MS,Mississippi,14.35,45.0
28025,9542.0,598.0,1400.0,4217.0,1044.0,MS,Mississippi,16.3,44.65
28027,14328.0,1114.0,3159.0,5823.0,1365.0,MS,Mississippi,20.15,50.7
28029,13292.0,712.0,1900.0,8396.0,4448.0,MS,Mississippi,15.1,43.45
28031,9031.0,293.0,1493.0,0.0,0.0,MS,Mississippi,14.05,42.1
28033,43807.0,1933.0,5383.0,78486.0,78486.0,MS,Mississippi,11.350000000000001,40.8
28035,33172.0,2129.0,5065.0,16244.0,13807.0,MS,Mississippi,12.649999999999999,39.4
28037,3455.0,116.0,380.0,2629.0,0.0,MS,Mississippi,15.85,42.8
28039,9467.0,373.0,1017.0,2396.0,246.0,MS,Mississippi,12.100000000000001,39.5
28041,3075.0,122.0,701.0,782.0,0.0,MS,Mississippi,12.1,38.849999999999994
28043,9723.0,668.0,1022.0,3365.0,1401.0,MS,Mississippi,14.5,42.849999999999994
28045,16818.0,1088.0,3236.0,19101.0,16633.0,MS,Mississippi,12.05,37.400000000000006
28047,83147.0,5025.0,14064.0,63018.0,60344.0,MS,Mississippi,12.5,35.75
28049,102831.0,6893.0,16301.0,85586.0,78213.0,MS,Mississippi,15.75,43.45
28051,12726.0,740.0,1800.0,4858.0,0.0,MS,Mississippi,21.549999999999997,50.25
28053,5664.0,465.0,1147.0,1730.0,483.0,MS,Mississippi,21.700000000000003,50.5
28055,655.0,65.0,118.0,363.0,0.0,MS,Mississippi,17.25,44.95
28057,9941.0,337.0,982.0,3005.0,2292.0,MS,Mississippi,11.25,35.7
28059,49518.0,2046.0,6482.0,45212.0,44260.0,MS,Mississippi,12.350000000000001,35.55
28061,7767.0,409.0,1289.0,2100.0,0.0,MS,Mississippi,16.35,43.35
28063,4565.0,313.0,831.0,770.0,0.0,MS,Mississippi,19.25,47.05
28065,6584.0,439.0,1085.0,2067.0,0.0,MS,Mississippi,17.5,43.900000000000006
28067,28810.0,1458.0,3988.0,10293.0,8024.0,MS,Mississippi,13.9,39.45
28069,6029.0,427.0,1090.0,3870.0,163.0,MS,Mississippi,16.65,42.45
28071,19415.0,910.0,1528.0,17750.0,14079.0,MS,Mississippi,11.0,34.75
28073,20906.0,1113.0,2859.0,21172.0,19542.0,MS,Mississippi,10.95,38.7
28075,34445.0,2512.0,5021.0,25740.0,20174.0,MS,Mississippi,14.4,43.15
28077,5273.0,234.0,666.0,2637.0,0.0,MS,Mississippi,15.2,43.25
28079,12109.0,721.0,1381.0,4858.0,1836.0,MS,Mississippi,15.05,44.2
28081,32135.0,1969.0,4053.0,16493.0,16493.0,MS,Mississippi,11.7,35.849999999999994
28083,17783.0,1356.0,2246.0,9410.0,7818.0,MS,Mississippi,19.0,49.35
28085,14314.0,795.0,1906.0,6162.0,1840.0,MS,Mississippi,13.15,41.95
28087,24341.0,1569.0,4204.0,19208.0,18619.0,MS,Mississippi,13.35,41.1
28089,25217.0,1225.0,3192.0,22811.0,20717.0,MS,Mississippi,10.55,36.05
28091,13714.0,765.0,1843.0,3930.0,1918.0,MS,Mississippi,15.5,42.849999999999994
28093,13997.0,695.0,1860.0,8373.0,2414.0,MS,Mississippi,15.75,44.25
28095,15248.0,909.0,2204.0,3197.0,2555.0,MS,Mississippi,13.7,39.1
28097,5008.0,283.0,885.0,2338.0,1620.0,MS,Mississippi,17.45,45.1
28099,13913.0,871.0,2090.0,1337.0,366.0,MS,Mississippi,15.5,43.5
28101,10291.0,452.0,1050.0,3478.0,2464.0,MS,Mississippi,14.5,42.5
28103,5992.0,497.0,1183.0,1855.0,23.0,MS,Mississippi,18.35,47.7
28105,22274.0,1071.0,2528.0,16038.0,15519.0,MS,Mississippi,11.8,42.3
28107,16743.0,811.0,2184.0,7394.0,2457.0,MS,Mississippi,16.1,41.9
28109,19502.0,873.0,3448.0,6345.0,4154.0,MS,Mississippi,11.75,39.1
28111,5382.0,275.0,831.0,2667.0,0.0,MS,Mississippi,14.05,41.1
28113,21677.0,1293.0,2753.0,4231.0,3146.0,MS,Mississippi,16.6,44.900000000000006
28115,13123.0,622.0,1670.0,4882.0,2951.0,MS,Mississippi,12.2,37.45
28117,12434.0,692.0,1743.0,1515.0,886.0,MS,Mississippi,12.8,40.2
28119,4829.0,419.0,1046.0,7407.0,1811.0,MS,Mississippi,20.9,48.15
28121,38904.0,1235.0,3786.0,40242.0,36692.0,MS,Mississippi,10.35,36.35
28123,15311.0,1192.0,1669.0,8864.0,6463.0,MS,Mississippi,16.8,43.0
28125,3027.0,256.0,631.0,319.0,0.0,MS,Mississippi,19.5,47.7
28127,13523.0,695.0,1853.0,3418.0,1220.0,MS,Mississippi,14.2,44.4
28129,6681.0,313.0,611.0,2229.0,0.0,MS,Mississippi,13.4,41.55
28131,8183.0,202.0,1044.0,4573.0,1583.0,MS,Mississippi,13.05,41.1
28133,13444.0,992.0,2836.0,10665.0,6064.0,MS,Mississippi,18.1,50.8
28135,6633.0,450.0,1240.0,7876.0,182.0,MS,Mississippi,17.25,46.65
28137,10971.0,536.0,1744.0,8542.0,1920.0,MS,Mississippi,12.65,39.85
28139,9218.0,425.0,1348.0,1010.0,285.0,MS,Mississippi,13.649999999999999,40.0
28141,9223.0,442.0,976.0,0.0,0.0,MS,Mississippi,13.05,38.55
28143,5696.0,371.0,1179.0,1669.0,990.0,MS,Mississippi,18.8,48.7
28145,12132.0,550.0,1282.0,3122.0,1229.0,MS,Mississippi,11.85,41.1
28147,7739.0,316.0,990.0,3552.0,0.0,MS,Mississippi,15.85,42.9
28149,20493.0,1448.0,2932.0,8412.0,7269.0,MS,Mississippi,14.5,41.95
28151,27399.0,2429.0,5386.0,14868.0,13976.0,MS,Mississippi,17.95,44.2
28153,9757.0,474.0,1531.0,3716.0,597.0,MS,Mississippi,14.2,42.0
28155,4081.0,201.0,801.0,1080.0,0.0,MS,Mississippi,12.25,38.0
28157,4828.0,330.0,704.0,1161.0,0.0,MS,Mississippi,18.85,45.65
28159,9113.0,613.0,1691.0,3596.0,1577.0,MS,Mississippi,16.15,41.9
28161,5265.0,384.0,895.0,2812.0,2027.0,MS,Mississippi,15.25,43.45
28163,13450.0,762.0,2438.0,8716.0,5647.0,MS,Mississippi,16.6,46.05
29001,10350.0,734.0,1026.0,6986.0,5864.0,MO,Missouri,10.2,35.25
29003,4863.0,266.0,444.0,2724.0,1588.0,MO,Missouri,10.05,38.15
29005,1659.0,143.0,220.0,289.0,0.0,MO,Missouri,11.85,38.75
29007,9600.0,643.0,970.0,5780.0,4862.0,MO,Missouri,12.95,42.45
29009,16407.0,627.0,1791.0,7017.0,6800.0,MO,Missouri,12.75,40.45
29011,5104.0,441.0,801.0,7001.0,4797.0,MO,Missouri,13.3,42.9
29013,6067.0,333.0,879.0,3166.0,2505.0,MO,Missouri,11.95,40.8
29015,8247.0,524.0,950.0,1800.0,0.0,MO,Missouri,13.350000000000001,43.1
29017,5254.0,227.0,723.0,3512.0,0.0,MO,Missouri,12.65,42.2
29019,57316.0,4199.0,6262.0,55953.0,55234.0,MO,Missouri,9.5,32.25
29021,30941.0,3035.0,4629.0,29075.0,28973.0,MO,Missouri,11.65,38.4
29023,19462.0,1284.0,3693.0,8077.0,4453.0,MO,Missouri,12.55,42.650000000000006
29025,3271.0,262.0,355.0,1759.0,0.0,MO,Missouri,12.25,40.0
29027,11112.0,831.0,1758.0,8701.0,6390.0,MO,Missouri,10.100000000000001,36.9
29029,14490.0,547.0,1677.0,9008.0,6013.0,MO,Missouri,12.0,37.2
29031,26094.0,1850.0,2950.0,23301.0,20604.0,MO,Missouri,10.45,37.4
29033,3387.0,347.0,542.0,2410.0,691.0,MO,Missouri,11.7,40.7
29035,2624.0,227.0,397.0,3197.0,0.0,MO,Missouri,12.3,39.95
29037,24797.0,1303.0,3309.0,32431.0,30709.0,MO,Missouri,10.1,38.2
29039,6557.0,343.0,1204.0,2971.0,2017.0,MO,Missouri,13.6,40.55
29041,2525.0,108.0,236.0,707.0,0.0,MO,Missouri,11.5,38.900000000000006
29043,25886.0,874.0,2841.0,16678.0,15328.0,MO,Missouri,9.35,35.0
29045,2388.0,241.0,271.0,910.0,0.0,MO,Missouri,12.65,38.45
29047,52295.0,3841.0,6301.0,68963.0,68963.0,MO,Missouri,9.55,40.400000000000006
29049,5726.0,272.0,710.0,2424.0,2343.0,MO,Missouri,10.4,36.7
29051,19290.0,2024.0,2755.0,23730.0,19679.0,MO,Missouri,9.85,36.5
29053,5417.0,354.0,714.0,5508.0,1989.0,MO,Missouri,10.8,39.85
29055,11055.0,382.0,1605.0,1812.0,1018.0,MO,Missouri,12.4,37.8
29057,3576.0,127.0,394.0,706.0,0.0,MO,Missouri,13.3,40.6
29059,7645.0,382.0,821.0,4354.0,2104.0,MO,Missouri,13.1,41.9
29061,3014.0,246.0,291.0,1276.0,0.0,MO,Missouri,11.7,37.1
29063,3186.0,256.0,334.0,2659.0,0.0,MO,Missouri,11.35,38.349999999999994
29065,6652.0,432.0,1086.0,2956.0,761.0,MO,Missouri,12.85,39.9
29067,7091.0,176.0,1100.0,5151.0,1541.0,MO,Missouri,13.15,42.25
29069,15690.0,1236.0,3301.0,3626.0,3573.0,MO,Missouri,14.700000000000001,45.25
29071,29363.0,1944.0,4008.0,10733.0,9838.0,MO,Missouri,10.65,37.900000000000006
29073,4296.0,238.0,426.0,1348.0,494.0,MO,Missouri,11.1,36.3
29075,2859.0,157.0,244.0,1473.0,0.0,MO,Missouri,11.95,36.0
29077,109068.0,8402.0,13314.0,64694.0,64694.0,MO,Missouri,10.100000000000001,33.349999999999994
29079,3720.0,336.0,452.0,3431.0,2140.0,MO,Missouri,11.6,36.8
29081,3882.0,184.0,469.0,3009.0,515.0,MO,Missouri,12.5,43.5
29083,8712.0,612.0,1633.0,8208.0,5022.0,MO,Missouri,12.05,38.1
29085,4021.0,160.0,619.0,423.0,0.0,MO,Missouri,14.5,37.55
29087,1607.0,172.0,187.0,1686.0,0.0,MO,Missouri,11.75,39.95
29089,3628.0,121.0,390.0,1548.0,1022.0,MO,Missouri,10.649999999999999,38.45
29091,19232.0,1140.0,3053.0,8260.0,4218.0,MO,Missouri,13.1,42.3
29093,4958.0,343.0,768.0,2507.0,0.0,MO,Missouri,12.85,39.9
29095,232862.0,25333.0,34226.0,176336.0,176336.0,MO,Missouri,11.55,38.650000000000006
29097,46922.0,2842.0,6600.0,30678.0,28617.0,MO,Missouri,11.5,39.95
29099,57315.0,3028.0,9268.0,67876.0,67459.0,MO,Missouri,10.25,37.599999999999994
29101,17515.0,1116.0,1940.0,17560.0,13771.0,MO,Missouri,9.25,34.5
29103,1550.0,84.0,210.0,798.0,0.0,MO,Missouri,12.95,41.2
29105,14942.0,795.0,1998.0,15555.0,12431.0,MO,Missouri,11.899999999999999,38.7
29107,10643.0,863.0,1514.0,6496.0,5324.0,MO,Missouri,11.35,40.3
29109,16469.0,834.0,2229.0,7185.0,6155.0,MO,Missouri,12.35,40.349999999999994
29111,3240.0,227.0,288.0,4090.0,45.0,MO,Missouri,12.149999999999999,44.5
29113,17964.0,671.0,2096.0,4711.0,2340.0,MO,Missouri,10.2,43.3
29115,4564.0,235.0,479.0,2664.0,461.0,MO,Missouri,11.45,38.2
29117,5289.0,307.0,717.0,1550.0,890.0,MO,Missouri,10.95,40.9
29119,11314.0,452.0,1230.0,885.0,0.0,MO,Missouri,13.7,44.7
29121,6371.0,407.0,628.0,4536.0,3421.0,MO,Missouri,11.2,41.45
29123,5336.0,334.0,749.0,2501.0,1049.0,MO,Missouri,11.600000000000001,39.3
29125,3427.0,314.0,412.0,503.0,0.0,MO,Missouri,11.75,40.7
29127,11351.0,808.0,1609.0,4591.0,3233.0,MO,Missouri,11.4,40.85
29129,1350.0,72.0,77.0,3776.0,1965.0,MO,Missouri,12.5,39.599999999999994
29131,9890.0,386.0,1449.0,1972.0,309.0,MO,Missouri,11.55,39.95
29133,6826.0,645.0,1747.0,423.0,399.0,MO,Missouri,15.2,43.4
29135,4865.0,360.0,396.0,1713.0,909.0,MO,Missouri,10.65,41.9
29137,3109.0,233.0,344.0,1247.0,0.0,MO,Missouri,12.25,41.2
29139,4627.0,202.0,586.0,2166.0,951.0,MO,Missouri,11.75,43.6
29141,10070.0,674.0,1120.0,657.0,0.0,MO,Missouri,13.3,40.95
29143,8630.0,691.0,1998.0,888.0,783.0,MO,Missouri,14.35,46.8
29145,22513.0,1045.0,2635.0,9563.0,9563.0,MO,Missouri,11.6,40.8
29147,8717.0,329.0,918.0,12688.0,8076.0,MO,Missouri,10.05,37.5
29149,5518.0,193.0,744.0,1792.0,0.0,MO,Missouri,14.8,42.1
29151,3564.0,222.0,238.0,1545.0,0.0,MO,Missouri,9.649999999999999,32.849999999999994
29153,4774.0,243.0,790.0,3592.0,0.0,MO,Missouri,15.049999999999999,40.0
29155,8932.0,973.0,2183.0,1900.0,1900.0,MO,Missouri,15.5,43.6
29157,6362.0,319.0,794.0,2877.0,757.0,MO,Missouri,10.85,37.3
29159,18264.0,1262.0,2087.0,6792.0,5578.0,MO,Missouri,12.05,41.95
29161,17786.0,1215.0,2249.0,8562.0,6373.0,MO,Missouri,11.05,39.1
29163,6247.0,390.0,743.0,4571.0,2146.0,MO,Missouri,11.850000000000001,42.4
29165,17834.0,1695.0,1883.0,33576.0,33502.0,MO,Missouri,9.149999999999999,36.7
29167,12471.0,633.0,1644.0,1141.0,0.0,MO,Missouri,11.05,38.2
29169,15065.0,794.0,1447.0,33099.0,33068.0,MO,Missouri,9.7,39.400000000000006
29171,1935.0,115.0,176.0,1328.0,0.0,MO,Missouri,10.85,38.0
29173,2964.0,146.0,262.0,759.0,0.0,MO,Missouri,11.399999999999999,39.25
29175,8869.0,538.0,994.0,4010.0,3502.0,MO,Missouri,11.399999999999999,42.150000000000006
29177,6512.0,636.0,903.0,1598.0,943.0,MO,Missouri,11.25,36.65
29179,2699.0,141.0,443.0,3044.0,0.0,MO,Missouri,12.850000000000001,39.650000000000006
29181,7196.0,395.0,1022.0,1191.0,0.0,MO,Missouri,14.5,44.5
29183,56873.0,4016.0,6353.0,141431.0,141410.0,MO,Missouri,8.55,37.15
29185,3554.0,227.0,459.0,963.0,0.0,MO,Missouri,13.0,38.6
29186,5373.0,262.0,865.0,5799.0,1448.0,MO,Missouri,10.7,39.6
29187,23863.0,1613.0,4030.0,13483.0,12919.0,MO,Missouri,11.3,42.2
29189,231187.0,27559.0,34468.0,267281.0,267281.0,MO,Missouri,10.3,34.05
29195,8742.0,635.0,1135.0,7956.0,6932.0,MO,Missouri,11.45,36.7
29197,1924.0,81.0,204.0,3644.0,0.0,MO,Missouri,10.7,42.2
29199,2133.0,108.0,193.0,466.0,0.0,MO,Missouri,11.65,38.95
29201,16258.0,1006.0,3125.0,7157.0,5819.0,MO,Missouri,12.5,35.9
29203,4332.0,124.0,651.0,853.0,0.0,MO,Missouri,13.4,42.1
29205,2420.0,113.0,264.0,2456.0,4.0,MO,Missouri,12.399999999999999,39.4
29207,12733.0,754.0,2091.0,2110.0,1875.0,MO,Missouri,12.9,41.1
29209,10938.0,547.0,1336.0,4716.0,4327.0,MO,Missouri,12.85,41.2
29211,2582.0,113.0,227.0,1830.0,0.0,MO,Missouri,13.45,44.05
29213,22981.0,1316.0,3426.0,21377.0,20382.0,MO,Missouri,12.05,36.75
29215,12326.0,607.0,1829.0,3267.0,48.0,MO,Missouri,13.45,42.7
29217,8484.0,638.0,1082.0,6956.0,4238.0,MO,Missouri,12.65,37.0
29219,10371.0,443.0,1276.0,4092.0,3810.0,MO,Missouri,10.149999999999999,41.25
29221,11997.0,550.0,2049.0,3060.0,0.0,MO,Missouri,13.15,43.35
29223,6625.0,447.0,1117.0,4691.0,26.0,MO,Missouri,14.25,41.1
29225,15655.0,941.0,1809.0,3211.0,2927.0,MO,Missouri,11.05,36.8
29227,684.0,25.0,63.0,304.0,0.0,MO,Missouri,11.9,42.85
29229,10185.0,668.0,1817.0,3379.0,1200.0,MO,Missouri,13.6,42.349999999999994
29510,135981.0,28468.0,30011.0,19226.0,19226.0,MO,Missouri,12.7,36.5
30001,3314.0,202.0,285.0,1856.0,1606.0,MT,Montana,9.45,33.05
30003,7615.0,172.0,627.0,5471.0,857.0,MT,Montana,14.65,39.4
30005,3498.0,201.0,397.0,2208.0,1877.0,MT,Montana,12.8,39.25
30007,1691.0,41.0,139.0,864.0,3.0,MT,Montana,9.45,33.3
30009,2743.0,119.0,247.0,1505.0,29.0,MT,Montana,8.8,31.4
30011,446.0,22.0,12.0,1160.0,1160.0,MT,Montana,10.100000000000001,34.349999999999994
30013,27892.0,2496.0,3667.0,21361.0,18365.0,MT,Montana,9.15,35.35
30015,2538.0,132.0,312.0,2881.0,900.0,MT,Montana,10.25,33.45
30017,3146.0,279.0,328.0,2286.0,1797.0,MT,Montana,8.850000000000001,34.25
30019,345.0,31.0,7.0,469.0,114.0,MT,Montana,9.9,33.05
30021,2352.0,80.0,320.0,4704.0,4199.0,MT,Montana,8.9,34.55
30023,3506.0,303.0,559.0,673.0,386.0,MT,Montana,11.350000000000001,36.45
30025,583.0,33.0,28.0,648.0,166.0,MT,Montana,8.5,33.05
30027,3832.0,257.0,428.0,4563.0,2749.0,MT,Montana,9.3,32.05
30029,30178.0,1332.0,3162.0,11711.0,9265.0,MT,Montana,8.45,31.8
30031,30588.0,1409.0,1726.0,14863.0,12868.0,MT,Montana,6.2,23.7
30033,381.0,5.0,11.0,667.0,501.0,MT,Montana,9.05,32.7
30035,7429.0,261.0,836.0,3765.0,1834.0,MT,Montana,14.8,45.0
30037,292.0,2.0,44.0,884.0,832.0,MT,Montana,10.6,35.05
30039,1058.0,33.0,153.0,3028.0,2402.0,MT,Montana,10.6,33.45
30041,6849.0,329.0,1138.0,8610.0,5694.0,MT,Montana,10.25,33.599999999999994
30043,2645.0,99.0,255.0,3452.0,1956.0,MT,Montana,8.1,29.950000000000003
30045,702.0,34.0,62.0,1269.0,184.0,MT,Montana,10.1,33.150000000000006
30047,12406.0,508.0,1885.0,1633.0,1.0,MT,Montana,10.95,34.55
30049,17174.0,1476.0,2666.0,10825.0,9301.0,MT,Montana,8.05,30.6
30051,817.0,104.0,34.0,1315.0,649.0,MT,Montana,11.2,37.2
30053,8612.0,384.0,1174.0,1476.0,461.0,MT,Montana,11.25,33.3
30055,461.0,0.0,0.0,696.0,270.0,MT,Montana,9.149999999999999,33.0
30057,2552.0,82.0,112.0,2323.0,198.0,MT,Montana,8.6,30.85
30059,782.0,24.0,75.0,1891.0,1888.0,MT,Montana,9.7,32.95
30061,1687.0,62.0,306.0,1148.0,589.0,MT,Montana,10.7,37.3
30063,38498.0,2657.0,5919.0,21381.0,15971.0,MT,Montana,7.550000000000001,31.1
30065,2062.0,107.0,324.0,1447.0,419.0,MT,Montana,10.55,34.05
30067,4500.0,417.0,619.0,6501.0,4166.0,MT,Montana,8.85,28.1
30069,124.0,1.0,5.0,494.0,494.0,MT,Montana,9.9,33.0
30071,1518.0,69.0,77.0,1536.0,1061.0,MT,Montana,10.05,37.4
30073,2400.0,137.0,284.0,1567.0,279.0,MT,Montana,10.100000000000001,37.099999999999994
30075,462.0,9.0,19.0,913.0,588.0,MT,Montana,10.149999999999999,33.2
30077,1589.0,76.0,311.0,1351.0,401.0,MT,Montana,9.9,35.85
30079,455.0,12.0,7.0,1179.0,1153.0,MT,Montana,12.95,35.2
30081,15345.0,604.0,1947.0,1099.0,205.0,MT,Montana,9.2,30.35
30083,2417.0,221.0,178.0,5247.0,3511.0,MT,Montana,8.35,35.3
30085,5625.0,314.0,508.0,2720.0,2106.0,MT,Montana,13.8,40.650000000000006
30087,3256.0,155.0,291.0,2225.0,384.0,MT,Montana,12.25,36.3
30089,5400.0,130.0,762.0,3553.0,1849.0,MT,Montana,11.850000000000001,32.05
30091,1128.0,106.0,129.0,1193.0,168.0,MT,Montana,9.1,32.8
30093,12881.0,1496.0,2616.0,2369.0,2053.0,MT,Montana,9.5,31.900000000000002
30095,1870.0,122.0,150.0,1395.0,360.0,MT,Montana,8.95,33.2
30097,956.0,41.0,105.0,826.0,96.0,MT,Montana,9.1,33.3
30099,2095.0,122.0,182.0,3654.0,1328.0,MT,Montana,9.45,32.05
30101,1702.0,283.0,144.0,2324.0,1626.0,MT,Montana,9.45,31.95
30103,348.0,12.0,24.0,718.0,678.0,MT,Montana,10.5,33.8
30105,2375.0,138.0,389.0,3088.0,1264.0,MT,Montana,10.05,36.3
30107,907.0,41.0,70.0,748.0,227.0,MT,Montana,11.45,37.0
30109,504.0,15.0,33.0,1017.0,1014.0,MT,Montana,9.6,32.8
30111,44693.0,3695.0,5350.0,31535.0,29948.0,MT,Montana,8.65,32.7
31001,9154.0,705.0,1334.0,10985.0,9665.0,NE,Nebraska,10.100000000000001,37.2
31003,2289.0,104.0,223.0,860.0,0.0,NE,Nebraska,10.05,36.15
31005,144.0,0.0,5.0,460.0,447.0,NE,Nebraska,10.2,38.45
31007,194.0,7.0,16.0,680.0,146.0,NE,Nebraska,9.6,37.4
31009,123.0,10.0,7.0,478.0,478.0,NE,Nebraska,9.8,37.400000000000006
31011,1475.0,91.0,103.0,674.0,0.0,NE,Nebraska,9.649999999999999,41.85
31013,3289.0,272.0,430.0,3684.0,2312.0,NE,Nebraska,10.7,43.05
31015,679.0,38.0,51.0,762.0,10.0,NE,Nebraska,11.15,36.7
31017,1159.0,55.0,51.0,317.0,81.0,NE,Nebraska,10.4,39.25
31019,15092.0,898.0,1555.0,14158.0,11382.0,NE,Nebraska,9.100000000000001,39.0
31021,2080.0,136.0,240.0,46.0,0.0,NE,Nebraska,10.149999999999999,39.75
31023,1935.0,86.0,240.0,1304.0,203.0,NE,Nebraska,9.7,40.45
31025,5159.0,335.0,560.0,4649.0,1733.0,NE,Nebraska,9.4,39.35
31027,2029.0,100.0,172.0,1618.0,0.0,NE,Nebraska,9.25,37.45
31029,926.0,59.0,62.0,1167.0,3.0,NE,Nebraska,10.45,36.2
31031,2019.0,131.0,220.0,2215.0,1401.0,NE,Nebraska,10.55,37.650000000000006
31033,2477.0,180.0,385.0,2147.0,311.0,NE,Nebraska,10.45,39.1
31035,2031.0,49.0,177.0,1614.0,0.0,NE,Nebraska,10.25,41.95
31037,4451.0,168.0,309.0,3325.0,633.0,NE,Nebraska,11.7,42.55
31039,2442.0,199.0,200.0,2025.0,0.0,NE,Nebraska,9.600000000000001,38.3
31041,3847.0,235.0,357.0,4875.0,877.0,NE,Nebraska,10.649999999999999,37.55
31043,7764.0,415.0,963.0,3405.0,2173.0,NE,Nebraska,11.45,40.2
31045,2264.0,195.0,238.0,2664.0,1947.0,NE,Nebraska,9.2,38.65
31047,8705.0,542.0,834.0,10055.0,8142.0,NE,Nebraska,10.95,43.25
31049,535.0,31.0,82.0,521.0,0.0,NE,Nebraska,11.35,39.75
31051,1570.0,78.0,166.0,2036.0,0.0,NE,Nebraska,10.45,38.7
31053,12506.0,743.0,1721.0,10338.0,4644.0,NE,Nebraska,9.95,43.15
31055,161377.0,15437.0,22130.0,61432.0,61432.0,NE,Nebraska,9.15,35.2
31057,932.0,30.0,75.0,668.0,13.0,NE,Nebraska,10.95,40.05
31059,1525.0,60.0,193.0,1307.0,0.0,NE,Nebraska,9.15,37.650000000000006
31061,1009.0,24.0,115.0,1517.0,0.0,NE,Nebraska,11.649999999999999,43.5
31063,721.0,42.0,66.0,1042.0,7.0,NE,Nebraska,9.399999999999999,37.4
31065,1498.0,108.0,169.0,202.0,0.0,NE,Nebraska,9.850000000000001,40.900000000000006
31067,6215.0,414.0,899.0,7227.0,4586.0,NE,Nebraska,10.55,41.25
31069,530.0,23.0,59.0,779.0,124.0,NE,Nebraska,11.45,41.85
31071,609.0,16.0,58.0,207.0,39.0,NE,Nebraska,9.4,34.849999999999994
31073,392.0,30.0,27.0,1310.0,0.0,NE,Nebraska,9.5,39.55
31075,320.0,5.0,10.0,252.0,22.0,NE,Nebraska,10.65,38.849999999999994
31077,723.0,23.0,34.0,1679.0,0.0,NE,Nebraska,10.2,35.8
31079,20723.0,1126.0,2767.0,15866.0,12600.0,NE,Nebraska,10.5,40.95
31081,1835.0,87.0,155.0,1579.0,1079.0,NE,Nebraska,8.55,40.75
31083,1111.0,28.0,83.0,236.0,0.0,NE,Nebraska,9.6,36.0
31085,419.0,7.0,19.0,967.0,740.0,NE,Nebraska,11.5,37.2
31087,1106.0,39.0,107.0,2763.0,600.0,NE,Nebraska,10.65,43.55
31089,3136.0,125.0,129.0,3113.0,865.0,NE,Nebraska,10.25,38.75
31091,215.0,1.0,15.0,736.0,723.0,NE,Nebraska,9.45,35.05
31093,1764.0,83.0,198.0,1259.0,0.0,NE,Nebraska,9.5,37.45
31095,2961.0,149.0,318.0,2253.0,428.0,NE,Nebraska,10.05,40.55
31097,1332.0,130.0,155.0,1369.0,0.0,NE,Nebraska,9.8,39.25
31099,1766.0,136.0,171.0,162.0,90.0,NE,Nebraska,9.65,36.1
31101,2565.0,231.0,266.0,2311.0,556.0,NE,Nebraska,10.9,34.15
31103,210.0,2.0,5.0,823.0,296.0,NE,Nebraska,12.149999999999999,39.05
31105,1326.0,104.0,156.0,259.0,1.0,NE,Nebraska,12.0,41.05
31107,2597.0,212.0,267.0,2672.0,0.0,NE,Nebraska,11.15,39.3
31109,87368.0,7033.0,10226.0,48378.0,47654.0,NE,Nebraska,8.649999999999999,33.3
31111,9965.0,1031.0,1637.0,5209.0,2730.0,NE,Nebraska,10.5,39.55
31113,308.0,0.0,13.0,107.0,9.0,NE,Nebraska,9.75,38.1
31115,173.0,2.0,3.0,252.0,70.0,NE,Nebraska,10.75,38.4
31117,149.0,2.0,6.0,539.0,417.0,NE,Nebraska,10.5,40.400000000000006
31119,11476.0,866.0,1451.0,10308.0,10134.0,NE,Nebraska,9.85,36.5
31121,2204.0,221.0,248.0,2479.0,657.0,NE,Nebraska,10.0,44.05
31123,1585.0,68.0,192.0,2538.0,51.0,NE,Nebraska,10.25,39.099999999999994
31125,1125.0,49.0,164.0,173.0,0.0,NE,Nebraska,10.6,39.849999999999994
31127,2058.0,103.0,206.0,289.0,120.0,NE,Nebraska,9.55,41.45
31129,1534.0,115.0,143.0,1680.0,99.0,NE,Nebraska,10.15,37.599999999999994
31131,4543.0,391.0,573.0,11303.0,5388.0,NE,Nebraska,9.5,38.8
31133,934.0,122.0,82.0,502.0,0.0,NE,Nebraska,11.55,37.05
31135,640.0,48.0,27.0,879.0,99.0,NE,Nebraska,9.5,41.25
31137,2104.0,196.0,247.0,2048.0,633.0,NE,Nebraska,9.55,41.3
31139,1827.0,83.0,169.0,3377.0,0.0,NE,Nebraska,9.2,35.45
31141,8503.0,558.0,747.0,6205.0,4465.0,NE,Nebraska,9.8,35.85
31143,1460.0,94.0,113.0,258.0,0.0,NE,Nebraska,9.45,37.5
31145,3425.0,253.0,278.0,6436.0,5185.0,NE,Nebraska,9.149999999999999,36.95
31147,2738.0,116.0,368.0,2565.0,321.0,NE,Nebraska,11.15,42.75
31149,323.0,8.0,25.0,428.0,138.0,NE,Nebraska,10.2,38.35
31151,4910.0,80.0,399.0,4569.0,1138.0,NE,Nebraska,10.55,43.55
31153,32014.0,1850.0,3394.0,58358.0,58358.0,NE,Nebraska,8.25,37.05
31155,4496.0,217.0,493.0,5081.0,1401.0,NE,Nebraska,8.6,35.25
31157,12957.0,750.0,1713.0,2834.0,2086.0,NE,Nebraska,11.1,39.900000000000006
31159,3827.0,210.0,265.0,5424.0,4707.0,NE,Nebraska,8.55,35.650000000000006
31161,2112.0,167.0,257.0,1750.0,368.0,NE,Nebraska,11.45,43.7
31163,850.0,30.0,95.0,635.0,0.0,NE,Nebraska,10.3,40.8
31165,407.0,34.0,31.0,836.0,742.0,NE,Nebraska,11.6,37.849999999999994
31167,1477.0,52.0,173.0,457.0,0.0,NE,Nebraska,9.4,42.1
31169,1344.0,101.0,217.0,980.0,0.0,NE,Nebraska,10.25,38.3
31171,223.0,1.0,0.0,647.0,644.0,NE,Nebraska,9.8,36.95
31173,3776.0,167.0,469.0,229.0,0.0,NE,Nebraska,13.85,48.75
31175,1452.0,84.0,129.0,492.0,0.0,NE,Nebraska,9.850000000000001,35.400000000000006
31177,3766.0,368.0,702.0,4122.0,3786.0,NE,Nebraska,8.8,34.7
31179,2429.0,105.0,126.0,862.0,233.0,NE,Nebraska,8.8,36.85
31181,1298.0,77.0,139.0,1998.0,0.0,NE,Nebraska,10.5,42.35
31183,289.0,5.0,19.0,729.0,137.0,NE,Nebraska,11.15,37.65
31185,3278.0,274.0,351.0,2696.0,2462.0,NE,Nebraska,9.149999999999999,41.55
32001,7601.0,449.0,1090.0,4711.0,4175.0,NV,Nevada,10.45,32.1
32003,730504.0,64390.0,99932.0,371219.0,363023.0,NV,Nevada,11.45,31.4
32005,11794.0,506.0,1440.0,23560.0,21398.0,NV,Nevada,9.9,28.75
32007,12791.0,604.0,1087.0,7873.0,5999.0,NV,Nevada,10.2,34.95
32009,442.0,29.0,34.0,761.0,761.0,NV,Nevada,14.55,35.55
32011,316.0,42.0,31.0,930.0,571.0,NV,Nevada,12.45,36.2
32013,4657.0,216.0,397.0,2588.0,1857.0,NV,Nevada,10.7,35.55
32015,1438.0,236.0,250.0,879.0,591.0,NV,Nevada,11.55,35.3
32017,1203.0,71.0,174.0,2811.0,314.0,NV,Nevada,10.3,35.0
32019,17324.0,873.0,2548.0,20419.0,18684.0,NV,Nevada,10.899999999999999,37.05
32021,1813.0,177.0,289.0,4420.0,3782.0,NV,Nevada,14.5,37.2
32023,16572.0,692.0,2705.0,38294.0,38157.0,NV,Nevada,12.65,38.3
32027,1644.0,142.0,247.0,1036.0,535.0,NV,Nevada,10.65,35.35
32029,909.0,18.0,154.0,15.0,0.0,NV,Nevada,11.0,30.200000000000003
32031,137308.0,12086.0,17503.0,127024.0,124542.0,NV,Nevada,9.850000000000001,28.2
32033,2384.0,93.0,255.0,5470.0,4209.0,NV,Nevada,10.65,34.25
32510,18892.0,1306.0,2784.0,7884.0,7884.0,NV,Nevada,10.6,32.45
33001,13027.0,1249.0,2038.0,6822.0,6822.0,NH,New Hampshire,8.7,30.6
33003,12957.0,1094.0,1653.0,734.0,0.0,NH,New Hampshire,9.1,29.1
33005,17496.0,1690.0,2487.0,14870.0,14092.0,NH,New Hampshire,8.4,31.5
33007,10062.0,1016.0,1846.0,5597.0,4128.0,NH,New Hampshire,10.05,36.05
33009,21379.0,2075.0,2512.0,9347.0,2809.0,NH,New Hampshire,7.8999999999999995,28.549999999999997
33011,80434.0,9302.0,12507.0,129357.0,129357.0,NH,New Hampshire,7.95,33.55
33013,27964.0,2940.0,4768.0,23653.0,23637.0,NH,New Hampshire,8.0,31.15
33015,39600.0,3774.0,4550.0,127076.0,127076.0,NH,New Hampshire,7.8,28.75
33017,27328.0,3086.0,4083.0,29858.0,29858.0,NH,New Hampshire,9.15,32.0
33019,10810.0,1074.0,1615.0,14814.0,13593.0,NH,New Hampshire,9.3,32.75
34001,83099.0,13137.0,13976.0,82679.0,82223.0,NJ,New Jersey,11.3,35.1
34003,156214.0,27782.0,17113.0,92855.0,92855.0,NJ,New Jersey,8.55,25.299999999999997
34005,73064.0,7631.0,8981.0,162844.0,162255.0,NJ,New Jersey,8.95,32.3
34007,140181.0,21253.0,22427.0,102737.0,102737.0,NJ,New Jersey,10.600000000000001,30.9
34009,24489.0,3014.0,2723.0,31926.0,31761.0,NJ,New Jersey,10.25,32.05
34011,56752.0,5188.0,8709.0,55184.0,47502.0,NJ,New Jersey,12.7,38.8
34013,261755.0,62834.0,42719.0,63497.0,63497.0,NJ,New Jersey,11.75,32.15
34015,49788.0,6203.0,8506.0,119128.0,119128.0,NJ,New Jersey,9.05,31.200000000000003
34017,227687.0,82261.0,39728.0,4315.0,4315.0,NJ,New Jersey,11.05,25.1
34019,13211.0,1676.0,1607.0,26212.0,26212.0,NJ,New Jersey,7.9,28.299999999999997
34021,88793.0,14443.0,11194.0,102455.0,102455.0,NJ,New Jersey,9.95,23.5
34023,160004.0,21691.0,17418.0,202811.0,202811.0,NJ,New Jersey,10.25,28.4
34025,105500.0,16289.0,14396.0,214812.0,214812.0,NJ,New Jersey,8.6,27.1
34027,58625.0,8499.0,5786.0,198598.0,198598.0,NJ,New Jersey,8.15,24.700000000000003
34029,148973.0,15036.0,16023.0,251638.0,251638.0,NJ,New Jersey,9.55,31.75
34031,166949.0,27031.0,31932.0,76284.0,76284.0,NJ,New Jersey,10.95,31.05
34033,17501.0,1849.0,3201.0,13760.0,13558.0,NJ,New Jersey,10.9,35.8
34035,40104.0,5574.0,3273.0,130062.0,130062.0,NJ,New Jersey,8.55,25.1
34037,21350.0,1843.0,1815.0,63766.0,63766.0,NJ,New Jersey,8.3,32.05
34039,140715.0,21871.0,15843.0,58809.0,58809.0,NJ,New Jersey,10.65,28.4
34041,20839.0,2656.0,2709.0,38102.0,38102.0,NJ,New Jersey,9.5,31.65
35001,248024.0,17640.0,40672.0,128657.0,125037.0,NM,New Mexico,11.35,31.4
35003,1579.0,0.0,76.0,3725.0,3586.0,NM,New Mexico,16.0,36.95
35005,30841.0,1059.0,5049.0,18481.0,12675.0,NM,New Mexico,13.65,40.65
35006,14303.0,698.0,2666.0,10696.0,8620.0,NM,New Mexico,16.200000000000003,38.05
35007,5899.0,363.0,1138.0,3915.0,3432.0,NM,New Mexico,14.350000000000001,37.599999999999994
35009,22794.0,883.0,3165.0,15659.0,15239.0,NM,New Mexico,11.2,34.05
35011,1100.0,64.0,112.0,350.0,95.0,NM,New Mexico,14.399999999999999,36.75
35013,109590.0,4919.0,18536.0,68744.0,63190.0,NM,New Mexico,12.65,36.3
35015,18825.0,1045.0,3037.0,16400.0,14107.0,NM,New Mexico,11.25,38.25
35017,12560.0,814.0,2262.0,7842.0,5559.0,NM,New Mexico,13.9,33.8
35019,1455.0,120.0,227.0,1335.0,1156.0,NM,New Mexico,14.7,38.599999999999994
35021,221.0,17.0,8.0,695.0,683.0,NM,New Mexico,15.399999999999999,35.7
35023,1869.0,106.0,433.0,1685.0,1468.0,NM,New Mexico,14.549999999999999,37.35
35025,24285.0,1014.0,3385.0,13396.0,12793.0,NM,New Mexico,11.7,41.25
35027,7358.0,248.0,1030.0,7870.0,5767.0,NM,New Mexico,12.2,31.950000000000003
35028,1838.0,290.0,117.0,7997.0,7997.0,NM,New Mexico,7.0,26.6
35029,14464.0,938.0,2596.0,9390.0,8650.0,NM,New Mexico,16.25,40.849999999999994
35031,44536.0,2286.0,5353.0,39105.0,22240.0,NM,New Mexico,17.5,43.849999999999994
35033,2779.0,108.0,479.0,4881.0,3895.0,NM,New Mexico,16.2,36.25
35035,27216.0,1435.0,3845.0,15260.0,12860.0,NM,New Mexico,12.05,34.1
35037,4955.0,197.0,548.0,3438.0,2498.0,NM,New Mexico,14.850000000000001,39.65
35039,0.0,763.0,1701.0,15363.0,8000.0,NM,New Mexico,14.7,37.85
35041,8996.0,364.0,1395.0,6274.0,5253.0,NM,New Mexico,11.3,35.5
35043,45612.0,1466.0,5496.0,69866.0,63493.0,NM,New Mexico,10.75,34.849999999999994
35045,54344.0,2268.0,7688.0,50864.0,43991.0,NM,New Mexico,13.55,36.650000000000006
35047,14039.0,948.0,2953.0,13348.0,6128.0,NM,New Mexico,14.899999999999999,34.65
35049,48000.0,2224.0,6110.0,43545.0,40992.0,NM,New Mexico,10.55,26.299999999999997
35051,5610.0,327.0,1260.0,3502.0,1699.0,NM,New Mexico,13.75,33.35
35053,9053.0,423.0,720.0,8962.0,6207.0,NM,New Mexico,15.6,37.0
35055,15199.0,764.0,2110.0,9292.0,4640.0,NM,New Mexico,13.3,30.6
35057,7434.0,221.0,1138.0,6662.0,3420.0,NM,New Mexico,13.850000000000001,37.2
35059,1526.0,117.0,194.0,1220.0,969.0,NM,New Mexico,12.85,36.95
35061,33682.0,923.0,5466.0,45024.0,44170.0,NM,New Mexico,13.3,37.849999999999994
36001,74665.0,17228.0,14675.0,95532.0,94903.0,NY,New York,9.75,31.5
36003,16451.0,1644.0,2858.0,1899.0,0.0,NY,New York,11.149999999999999,35.85
36005,738070.0,292462.0,180917.0,7685.0,7685.0,NY,New York,15.65,34.650000000000006
36007,64951.0,9503.0,12370.0,32836.0,32836.0,NY,New York,11.2,33.900000000000006
36009,29283.0,3544.0,5502.0,6320.0,6165.0,NY,New York,11.65,41.3
36011,22934.0,3304.0,4198.0,2645.0,2620.0,NY,New York,10.8,40.5
36013,49407.0,5919.0,10071.0,19454.0,18276.0,NY,New York,12.45,37.900000000000006
36015,28180.0,3846.0,5193.0,22119.0,22119.0,NY,New York,11.1,36.3
36017,17390.0,1650.0,3452.0,2050.0,0.0,NY,New York,11.3,38.7
36019,23298.0,2916.0,5248.0,7621.0,2255.0,NY,New York,10.95,37.85
36021,16729.0,1808.0,2765.0,10567.0,10038.0,NY,New York,10.8,30.299999999999997
36023,14994.0,1475.0,2476.0,8700.0,7219.0,NY,New York,9.65,37.8
36025,15031.0,1575.0,2725.0,5491.0,4784.0,NY,New York,11.2,33.25
36027,61276.0,8778.0,9623.0,106683.0,106683.0,NY,New York,10.15,31.950000000000003
36029,270194.0,51601.0,61909.0,192110.0,192110.0,NY,New York,10.05,34.8
36031,10275.0,1267.0,1744.0,1127.0,109.0,NY,New York,10.3,34.55
36033,16914.0,1834.0,3184.0,10693.0,2406.0,NY,New York,12.55,39.8
36035,19378.0,2091.0,3237.0,6967.0,6559.0,NY,New York,11.399999999999999,35.55
36037,15181.0,1940.0,2759.0,5867.0,5867.0,NY,New York,10.3,39.8
36039,14223.0,1537.0,1323.0,5762.0,5762.0,NY,New York,10.35,34.8
36041,1223.0,51.0,92.0,2579.0,258.0,NY,New York,11.7,31.700000000000003
36043,21286.0,2463.0,4248.0,7997.0,5760.0,NY,New York,10.5,33.150000000000006
36045,39228.0,3838.0,6967.0,17712.0,15547.0,NY,New York,10.1,36.95
36047,1043351.0,531010.0,218716.0,373.0,373.0,NY,New York,11.75,26.55
36049,9113.0,537.0,1560.0,3676.0,0.0,NY,New York,11.100000000000001,43.1
36051,17137.0,1899.0,3122.0,11761.0,11761.0,NY,New York,9.8,38.35
36053,18176.0,1467.0,3188.0,12327.0,12179.0,NY,New York,9.55,35.65
36055,218617.0,34000.0,45349.0,252375.0,252375.0,NY,New York,10.7,32.0
36057,20903.0,2682.0,3987.0,19057.0,19032.0,NY,New York,11.85,35.8
36059,198372.0,31328.0,19856.0,74405.0,74405.0,NY,New York,9.5,27.15
36061,482262.0,583837.0,101530.0,2.0,2.0,NY,New York,8.899999999999999,20.0
36063,63009.0,8395.0,10936.0,42949.0,42949.0,NY,New York,11.899999999999999,35.349999999999994
36065,74788.0,10058.0,15405.0,42859.0,42283.0,NY,New York,11.05,35.25
36067,132853.0,22444.0,25962.0,124841.0,120571.0,NY,New York,10.600000000000001,36.2
36069,27129.0,3230.0,4248.0,10676.0,10676.0,NY,New York,9.149999999999999,36.1
36071,96789.0,12014.0,12421.0,126030.0,126030.0,NY,New York,10.45,35.1
36073,14008.0,1313.0,2586.0,3964.0,3834.0,NY,New York,12.5,41.55
36075,40591.0,3850.0,8016.0,9631.0,7845.0,NY,New York,10.3,39.95
36077,18748.0,2063.0,2765.0,21296.0,11511.0,NY,New York,9.45,28.9
36079,12914.0,1661.0,1288.0,53403.0,53403.0,NY,New York,8.6,29.0
36081,739171.0,286815.0,103601.0,12724.0,12724.0,NY,New York,13.0,27.200000000000003
36083,40260.0,6341.0,7132.0,37662.0,35508.0,NY,New York,9.8,36.5
36085,113881.0,27621.0,19872.0,4685.0,4685.0,NY,New York,11.8,32.15
36087,91841.0,10574.0,11502.0,86179.0,86179.0,NY,New York,10.95,26.4
36089,36312.0,4025.0,6853.0,18390.0,8923.0,NY,New York,11.5,39.2
36091,38529.0,4007.0,6924.0,53506.0,53126.0,NY,New York,8.4,29.35
36093,38158.0,6090.0,7027.0,29123.0,29123.0,NY,New York,10.25,35.75
36095,8757.0,799.0,1699.0,2252.0,1825.0,NY,New York,10.75,36.8
36097,6359.0,450.0,981.0,150.0,0.0,NY,New York,12.0,35.05
36099,10204.0,1098.0,1562.0,2317.0,2317.0,NY,New York,11.2,38.3
36101,34073.0,3601.0,5414.0,14002.0,11343.0,NY,New York,11.0,34.0
36103,254912.0,25656.0,32210.0,425708.0,425708.0,NY,New York,9.55,29.7
36105,23618.0,2840.0,3933.0,3605.0,3458.0,NY,New York,11.65,37.1
36107,13820.0,1065.0,2792.0,4248.0,4240.0,NY,New York,10.5,36.650000000000006
36109,29617.0,5808.0,3528.0,15392.0,15213.0,NY,New York,8.45,27.200000000000003
36111,49526.0,5230.0,7858.0,42616.0,42193.0,NY,New York,10.05,29.7
36113,16625.0,2561.0,3294.0,20894.0,20337.0,NY,New York,10.4,33.6
36115,18769.0,1741.0,3671.0,4713.0,2818.0,NY,New York,10.5,34.8
36117,25888.0,2471.0,4158.0,5739.0,5739.0,NY,New York,10.8,36.45
36119,197655.0,50332.0,29648.0,133302.0,133302.0,NY,New York,9.65,27.5
36121,10737.0,1066.0,1755.0,9151.0,8100.0,NY,New York,10.8,39.3
36123,8044.0,1154.0,892.0,151.0,0.0,NY,New York,10.65,30.950000000000003
37001,62135.0,3372.0,9893.0,37774.0,34965.0,NC,North Carolina,11.55,36.3
37003,13987.0,498.0,1693.0,7591.0,7516.0,NC,North Carolina,10.85,35.2
37005,5295.0,185.0,926.0,477.0,0.0,NC,North Carolina,14.15,37.3
37007,11049.0,978.0,2081.0,2268.0,2185.0,NC,North Carolina,15.549999999999999,43.1
37009,10011.0,729.0,1728.0,6045.0,4613.0,NC,North Carolina,11.649999999999999,38.2
37011,6439.0,258.0,931.0,54.0,0.0,NC,North Carolina,11.100000000000001,36.45
37013,20020.0,1481.0,3291.0,9906.0,5966.0,NC,North Carolina,13.55,40.75
37015,9175.0,702.0,2099.0,9779.0,6707.0,NC,North Carolina,17.7,45.5
37017,17238.0,1455.0,3727.0,5063.0,3281.0,NC,North Carolina,15.35,41.7
37019,39162.0,2181.0,6448.0,30109.0,29641.0,NC,North Carolina,11.100000000000001,32.75
37021,83499.0,5428.0,10201.0,70127.0,69959.0,NC,North Carolina,9.7,31.35
37023,36549.0,1754.0,5311.0,22645.0,22284.0,NC,North Carolina,12.1,36.95
37025,56123.0,3144.0,6619.0,56364.0,56364.0,NC,North Carolina,10.05,32.900000000000006
37027,33262.0,1578.0,5026.0,29142.0,28560.0,NC,North Carolina,11.8,36.75
37029,2987.0,74.0,396.0,361.0,0.0,NC,North Carolina,10.0,34.05
37031,20445.0,1426.0,3213.0,22058.0,20173.0,NC,North Carolina,10.45,32.6
37033,8419.0,891.0,1505.0,2053.0,0.0,NC,North Carolina,13.85,39.8
37035,55482.0,2987.0,8070.0,43603.0,43603.0,NC,North Carolina,11.05,36.1
37037,20263.0,1283.0,2637.0,7136.0,5558.0,NC,North Carolina,10.899999999999999,32.75
37039,11226.0,573.0,1557.0,2399.0,0.0,NC,North Carolina,13.05,38.150000000000006
37041,6037.0,611.0,1333.0,5193.0,2354.0,NC,North Carolina,14.600000000000001,38.9
37043,4717.0,349.0,690.0,343.0,0.0,NC,North Carolina,12.0,34.55
37045,43306.0,2886.0,6742.0,13520.0,12144.0,NC,North Carolina,12.600000000000001,37.2
37047,25575.0,1775.0,5285.0,4773.0,4506.0,NC,North Carolina,14.55,42.9
37049,34274.0,2756.0,5689.0,35561.0,34981.0,NC,North Carolina,11.850000000000001,37.4
37051,131934.0,8127.0,21066.0,93403.0,93364.0,NC,North Carolina,12.65,39.650000000000006
37053,7108.0,270.0,839.0,357.0,0.0,NC,North Carolina,9.45,33.05
37055,10351.0,486.0,1243.0,12086.0,11022.0,NC,North Carolina,9.45,32.55
37057,62018.0,3755.0,10202.0,41121.0,41121.0,NC,North Carolina,11.75,37.15
37059,12626.0,470.0,1565.0,12981.0,12981.0,NC,North Carolina,10.7,35.05
37061,31004.0,1617.0,4371.0,6435.0,5120.0,NC,North Carolina,14.55,43.45
37063,97154.0,9936.0,13835.0,88262.0,88262.0,NC,North Carolina,10.6,30.25
37065,26755.0,2399.0,5985.0,9940.0,9940.0,NC,North Carolina,16.35,43.95
37067,134820.0,10993.0,16697.0,143378.0,143378.0,NC,North Carolina,11.7,34.8
37069,22716.0,1276.0,3806.0,2572.0,852.0,NC,North Carolina,11.9,36.2
37071,80990.0,4585.0,12675.0,68398.0,68398.0,NC,North Carolina,11.3,38.35
37073,3452.0,203.0,588.0,3162.0,0.0,NC,North Carolina,13.6,39.35
37075,4058.0,239.0,392.0,235.0,0.0,NC,North Carolina,11.65,35.900000000000006
37077,18745.0,1053.0,2865.0,13813.0,11927.0,NC,North Carolina,12.65,41.15
37079,9054.0,537.0,1813.0,27.0,0.0,NC,North Carolina,14.9,42.7
37081,185761.0,13047.0,29179.0,118197.0,118197.0,NC,North Carolina,11.25,35.0
37083,26257.0,2442.0,5974.0,5907.0,5864.0,NC,North Carolina,17.9,43.25
37085,50436.0,2431.0,6597.0,20554.0,20554.0,NC,North Carolina,11.15,40.4
37087,20022.0,1176.0,3186.0,5607.0,4453.0,NC,North Carolina,10.85,36.8
37089,34927.0,2267.0,4072.0,27482.0,27482.0,NC,North Carolina,10.8,34.1
37091,10502.0,878.0,2560.0,5529.0,4818.0,NC,North Carolina,16.65,43.2
37093,22365.0,936.0,3163.0,8538.0,8538.0,NC,North Carolina,12.9,39.2
37095,2065.0,20.0,386.0,3513.0,947.0,NC,North Carolina,14.7,39.75
37097,50671.0,2199.0,5037.0,35440.0,34650.0,NC,North Carolina,10.0,35.15
37099,15696.0,880.0,1947.0,2426.0,1953.0,NC,North Carolina,11.15,35.45
37101,66433.0,2777.0,9241.0,21027.0,21027.0,NC,North Carolina,11.149999999999999,41.35
37103,4979.0,299.0,861.0,18.0,0.0,NC,North Carolina,15.3,40.0
37105,24229.0,1245.0,3670.0,13307.0,13307.0,NC,North Carolina,12.55,39.0
37107,26894.0,2705.0,6061.0,18616.0,18616.0,NC,North Carolina,16.0,40.05
37109,28239.0,980.0,4195.0,19780.0,19780.0,NC,North Carolina,10.25,34.5
37111,18742.0,1041.0,3480.0,1254.0,815.0,NC,North Carolina,11.2,34.9
37113,12709.0,846.0,1794.0,2717.0,1934.0,NC,North Carolina,11.9,36.7
37115,7839.0,398.0,1271.0,2720.0,0.0,NC,North Carolina,10.55,35.4
37117,9732.0,703.0,1513.0,2319.0,1780.0,NC,North Carolina,15.85,40.650000000000006
37119,306980.0,23988.0,40063.0,195935.0,195935.0,NC,North Carolina,10.6,33.45
37121,5143.0,368.0,926.0,1015.0,0.0,NC,North Carolina,11.2,34.349999999999994
37123,11589.0,620.0,1577.0,4712.0,4405.0,NC,North Carolina,13.05,37.4
37125,27493.0,1712.0,3663.0,23659.0,23584.0,NC,North Carolina,10.15,32.1
37127,32926.0,2907.0,6005.0,17003.0,16950.0,NC,North Carolina,13.45,40.25
37129,75340.0,5986.0,10175.0,58147.0,58147.0,NC,North Carolina,9.95,30.7
37131,9247.0,938.0,2112.0,256.0,0.0,NC,North Carolina,17.75,44.85
37133,68738.0,3039.0,7907.0,69211.0,69107.0,NC,North Carolina,9.899999999999999,35.6
37135,38094.0,2644.0,3795.0,11618.0,11618.0,NC,North Carolina,8.85,27.2
37137,4748.0,374.0,709.0,777.0,0.0,NC,North Carolina,13.05,37.85
37139,13977.0,1419.0,2395.0,7233.0,5399.0,NC,North Carolina,11.8,37.25
37141,18223.0,913.0,2938.0,12297.0,8773.0,NC,North Carolina,10.95,34.75
37143,5084.0,402.0,956.0,731.0,0.0,NC,North Carolina,12.85,37.55
37145,14485.0,1234.0,2840.0,4285.0,3426.0,NC,North Carolina,13.0,39.35
37147,74453.0,5542.0,10432.0,36495.0,36495.0,NC,North Carolina,11.7,39.9
37149,6564.0,543.0,810.0,1165.0,1165.0,NC,North Carolina,10.85,31.45
37151,56370.0,2932.0,8282.0,33069.0,30449.0,NC,North Carolina,11.85,38.2
37153,21407.0,1719.0,4731.0,10597.0,9970.0,NC,North Carolina,15.0,40.2
37155,71131.0,4530.0,13026.0,11383.0,11300.0,NC,North Carolina,16.95,44.45
37157,36471.0,2665.0,6196.0,16530.0,16530.0,NC,North Carolina,12.9,39.8
37159,51890.0,3023.0,7354.0,31406.0,31406.0,NC,North Carolina,12.25,38.9
37161,27603.0,1669.0,4473.0,9846.0,7977.0,NC,North Carolina,12.45,37.45
37163,30086.0,1809.0,4759.0,4553.0,1276.0,NC,North Carolina,15.049999999999999,40.2
37165,16916.0,1504.0,3576.0,7510.0,6728.0,NC,North Carolina,16.45,44.45
37167,21742.0,1144.0,3355.0,3154.0,3154.0,NC,North Carolina,11.25,35.05
37169,15293.0,629.0,2568.0,6455.0,4373.0,NC,North Carolina,11.7,36.1
37171,30258.0,1965.0,4706.0,6882.0,6669.0,NC,North Carolina,12.149999999999999,37.9
37173,6717.0,286.0,733.0,405.0,0.0,NC,North Carolina,13.25,38.5
37175,12529.0,587.0,1750.0,2752.0,2742.0,NC,North Carolina,10.9,34.15
37177,1761.0,149.0,314.0,463.0,0.0,NC,North Carolina,14.799999999999999,39.7
37179,53391.0,1923.0,6343.0,79155.0,78941.0,NC,North Carolina,9.7,31.7
37181,21817.0,1955.0,4083.0,2789.0,1998.0,NC,North Carolina,15.65,43.1
37183,239900.0,15586.0,25087.0,228500.0,228500.0,NC,North Carolina,8.95,31.8
37185,8722.0,784.0,1473.0,519.0,0.0,NC,North Carolina,17.299999999999997,43.3
37187,5775.0,613.0,1316.0,178.0,0.0,NC,North Carolina,16.85,43.099999999999994
37189,21263.0,1159.0,1520.0,4244.0,3604.0,NC,North Carolina,9.7,31.25
37191,54173.0,4072.0,9114.0,28268.0,28192.0,NC,North Carolina,13.25,39.05
37193,29130.0,1699.0,4521.0,4801.0,3098.0,NC,North Carolina,11.850000000000001,36.55
37195,34774.0,3065.0,6497.0,7542.0,7542.0,NC,North Carolina,14.75,38.55
37197,15577.0,788.0,2102.0,4673.0,4673.0,NC,North Carolina,11.7,36.95
37199,7932.0,372.0,1175.0,211.0,0.0,NC,North Carolina,11.5,35.45
38001,585.0,27.0,35.0,530.0,17.0,ND,North Dakota,11.2,40.05
38003,2327.0,314.0,349.0,3337.0,1092.0,ND,North Dakota,9.55,42.55
38005,3902.0,190.0,478.0,2845.0,973.0,ND,North Dakota,15.05,45.2
38007,172.0,6.0,4.0,783.0,579.0,ND,North Dakota,9.399999999999999,36.3
38009,1537.0,68.0,249.0,2920.0,988.0,ND,North Dakota,9.7,42.05
38011,487.0,55.0,99.0,938.0,78.0,ND,North Dakota,9.75,37.599999999999994
38013,513.0,37.0,36.0,1354.0,8.0,ND,North Dakota,9.25,37.7
38015,17168.0,2013.0,2101.0,22085.0,20779.0,ND,North Dakota,8.4,30.15
38017,43765.0,4080.0,5459.0,31499.0,24117.0,ND,North Dakota,7.85,34.75
38019,759.0,39.0,36.0,1449.0,479.0,ND,North Dakota,10.5,39.4
38021,1027.0,100.0,91.0,753.0,16.0,ND,North Dakota,9.55,38.3
38023,546.0,35.0,29.0,684.0,76.0,ND,North Dakota,10.55,39.45
38025,1070.0,24.0,72.0,1866.0,552.0,ND,North Dakota,9.95,40.15
38027,668.0,37.0,147.0,689.0,209.0,ND,North Dakota,11.350000000000001,40.35
38029,936.0,66.0,99.0,1623.0,212.0,ND,North Dakota,10.649999999999999,34.65
38031,751.0,49.0,56.0,613.0,288.0,ND,North Dakota,9.6,36.5
38033,606.0,45.0,34.0,1680.0,1680.0,ND,North Dakota,9.899999999999999,38.75
38035,22671.0,1989.0,2666.0,16692.0,13548.0,ND,North Dakota,8.95,36.8
38037,708.0,32.0,45.0,1253.0,254.0,ND,North Dakota,10.95,39.25
38039,546.0,37.0,56.0,794.0,11.0,ND,North Dakota,9.45,38.35
38041,703.0,16.0,66.0,2476.0,2238.0,ND,North Dakota,10.0,41.3
38043,962.0,19.0,69.0,2435.0,2435.0,ND,North Dakota,11.15,38.25
38045,1019.0,71.0,65.0,3093.0,453.0,ND,North Dakota,10.25,37.8
38047,503.0,27.0,27.0,1907.0,831.0,ND,North Dakota,10.7,38.05
38049,1353.0,79.0,219.0,3723.0,1356.0,ND,North Dakota,9.65,40.55
38051,655.0,54.0,59.0,559.0,1.0,ND,North Dakota,11.3,38.4
38053,3121.0,80.0,105.0,2849.0,418.0,ND,North Dakota,9.7,36.95
38055,1989.0,127.0,183.0,4944.0,635.0,ND,North Dakota,10.25,41.2
38057,1414.0,59.0,223.0,1968.0,633.0,ND,North Dakota,10.4,40.1
38059,6420.0,647.0,703.0,8431.0,5620.0,ND,North Dakota,9.0,39.95
38061,2529.0,151.0,81.0,933.0,31.0,ND,North Dakota,10.9,45.2
38063,746.0,34.0,94.0,3126.0,2369.0,ND,North Dakota,10.25,42.05
38065,423.0,20.0,25.0,1547.0,0.0,ND,North Dakota,10.25,36.7
38067,1583.0,125.0,161.0,3406.0,54.0,ND,North Dakota,10.05,38.3
38069,1446.0,105.0,224.0,841.0,54.0,ND,North Dakota,10.0,36.400000000000006
38071,2887.0,427.0,407.0,3163.0,2248.0,ND,North Dakota,10.05,36.85
38073,1262.0,115.0,178.0,667.0,2.0,ND,North Dakota,9.75,37.45
38075,482.0,21.0,67.0,1421.0,58.0,ND,North Dakota,9.3,36.8
38077,3900.0,281.0,389.0,4873.0,832.0,ND,North Dakota,9.5,38.85
38079,7670.0,354.0,1274.0,1338.0,0.0,ND,North Dakota,16.75,46.95
38081,624.0,37.0,90.0,370.0,0.0,ND,North Dakota,9.100000000000001,38.05
38083,443.0,33.0,77.0,1198.0,975.0,ND,North Dakota,10.35,35.5
38085,2648.0,96.0,304.0,1675.0,463.0,ND,North Dakota,19.0,48.5
38087,152.0,3.0,13.0,692.0,337.0,ND,North Dakota,9.95,37.8
38089,6225.0,543.0,701.0,6487.0,4376.0,ND,North Dakota,8.899999999999999,39.95
38091,284.0,13.0,8.0,1669.0,395.0,ND,North Dakota,9.75,38.3
38093,5447.0,740.0,911.0,5854.0,4065.0,ND,North Dakota,9.45,41.55
38095,747.0,46.0,55.0,782.0,69.0,ND,North Dakota,12.05,38.1
38097,1715.0,169.0,237.0,1444.0,0.0,ND,North Dakota,8.7,36.95
38099,3287.0,276.0,401.0,2171.0,267.0,ND,North Dakota,11.0,36.15
38101,15721.0,1118.0,1452.0,14916.0,12197.0,ND,North Dakota,8.65,37.4
38103,932.0,53.0,41.0,1884.0,506.0,ND,North Dakota,9.95,36.2
38105,6275.0,760.0,691.0,6855.0,4182.0,ND,North Dakota,8.35,38.25
39001,13645.0,1121.0,2767.0,6283.0,4046.0,OH,Ohio,13.6,41.900000000000006
39003,33479.0,3406.0,5641.0,18547.0,18511.0,OH,Ohio,12.7,42.7
39005,16439.0,1411.0,2136.0,2647.0,2647.0,OH,Ohio,11.3,38.65
39007,40284.0,3510.0,7088.0,22267.0,21852.0,OH,Ohio,13.5,45.5
39009,27570.0,1848.0,4422.0,10983.0,8449.0,OH,Ohio,10.75,36.65
39011,10942.0,884.0,1362.0,4537.0,4537.0,OH,Ohio,11.05,37.3
39013,20852.0,1875.0,3354.0,15663.0,14834.0,OH,Ohio,12.3,38.650000000000006
39015,14911.0,1026.0,2496.0,3063.0,1852.0,OH,Ohio,12.35,43.2
39017,101555.0,7519.0,14979.0,157042.0,157042.0,OH,Ohio,11.3,43.7
39019,9114.0,604.0,1119.0,1855.0,1535.0,OH,Ohio,12.100000000000001,38.45
39021,11128.0,853.0,1679.0,1353.0,1348.0,OH,Ohio,11.35,40.45
39023,49471.0,4526.0,10014.0,28144.0,28144.0,OH,Ohio,12.55,43.15
39025,49524.0,3724.0,6899.0,89552.0,89552.0,OH,Ohio,10.75,35.95
39027,13707.0,920.0,2393.0,12315.0,12315.0,OH,Ohio,11.850000000000001,41.95
39029,36779.0,2812.0,6411.0,19155.0,17952.0,OH,Ohio,12.3,45.4
39031,15194.0,1518.0,2630.0,2985.0,1910.0,OH,Ohio,12.95,40.2
39033,15879.0,1208.0,2539.0,13803.0,13501.0,OH,Ohio,12.149999999999999,41.05
39035,442990.0,71178.0,96453.0,215513.0,215513.0,OH,Ohio,12.6,34.6
39037,16900.0,1119.0,1756.0,5167.0,4891.0,OH,Ohio,11.55,38.75
39039,9748.0,881.0,1564.0,6743.0,6743.0,OH,Ohio,11.5,40.7
39041,22248.0,1696.0,2438.0,76769.0,76694.0,OH,Ohio,8.9,36.25
39043,22039.0,2135.0,3900.0,17126.0,17126.0,OH,Ohio,11.95,41.1
39045,38847.0,2894.0,7075.0,36013.0,36013.0,OH,Ohio,11.0,44.2
39047,10536.0,800.0,2072.0,3067.0,2910.0,OH,Ohio,12.65,44.0
39049,412871.0,38474.0,65462.0,283766.0,283766.0,OH,Ohio,11.0,35.75
39051,11595.0,565.0,1612.0,7582.0,7581.0,OH,Ohio,11.3,41.75
39053,11863.0,858.0,2469.0,4338.0,1406.0,OH,Ohio,12.75,40.7
39055,18051.0,3234.0,1637.0,22827.0,22827.0,OH,Ohio,10.149999999999999,35.2
39057,39980.0,3397.0,6035.0,47442.0,47442.0,OH,Ohio,10.45,36.55
39059,15576.0,1302.0,2793.0,11625.0,8472.0,OH,Ohio,13.55,44.349999999999994
39061,257874.0,40081.0,44855.0,249867.0,249867.0,OH,Ohio,11.75,35.2
39063,21148.0,2107.0,2923.0,9734.0,9734.0,OH,Ohio,10.55,37.3
39065,10606.0,754.0,1571.0,2931.0,1831.0,OH,Ohio,11.350000000000001,40.599999999999994
39067,5274.0,525.0,930.0,2404.0,1000.0,OH,Ohio,12.899999999999999,42.75
39069,6870.0,476.0,1000.0,2489.0,1055.0,OH,Ohio,11.15,41.8
39071,17148.0,1369.0,3223.0,2660.0,1144.0,OH,Ohio,12.75,44.1
39073,9566.0,584.0,2104.0,4151.0,4018.0,OH,Ohio,12.75,44.05
39075,13206.0,3673.0,631.0,2197.0,2197.0,OH,Ohio,11.350000000000001,38.85
39077,19918.0,1476.0,3014.0,7918.0,7180.0,OH,Ohio,12.15,42.4
39079,14346.0,1008.0,2632.0,1899.0,1899.0,OH,Ohio,12.85,46.8
39081,24238.0,2485.0,4870.0,16113.0,13713.0,OH,Ohio,12.6,41.5
39083,17840.0,1836.0,2783.0,12375.0,11879.0,OH,Ohio,11.4,39.85
39085,51126.0,4588.0,7665.0,88022.0,88022.0,OH,Ohio,10.65,36.6
39087,24640.0,1699.0,5399.0,7568.0,4684.0,OH,Ohio,13.1,46.8
39089,46099.0,3087.0,7144.0,58514.0,56985.0,OH,Ohio,11.149999999999999,38.65
39091,14108.0,1013.0,2299.0,2628.0,2204.0,OH,Ohio,11.65,40.05
39093,86013.0,8195.0,15397.0,83990.0,83990.0,OH,Ohio,11.75,37.4
39095,162568.0,18358.0,33908.0,80752.0,80752.0,OH,Ohio,13.05,41.75
39097,9510.0,803.0,1894.0,15768.0,12234.0,OH,Ohio,11.15,41.2
39099,83562.0,8353.0,18850.0,84882.0,84882.0,OH,Ohio,13.1,40.900000000000006
39101,23328.0,2255.0,4317.0,21409.0,18336.0,OH,Ohio,13.25,46.45
39103,30813.0,2798.0,3891.0,40021.0,40021.0,OH,Ohio,9.55,37.95
39105,9873.0,680.0,2240.0,8062.0,3963.0,OH,Ohio,13.95,39.85
39107,10047.0,596.0,1245.0,5293.0,3885.0,OH,Ohio,10.65,37.45
39109,28226.0,2298.0,3636.0,16372.0,16372.0,OH,Ohio,10.7,39.25
39111,5295.0,478.0,905.0,931.0,0.0,OH,Ohio,13.149999999999999,39.8
39113,186448.0,22029.0,33714.0,153962.0,153962.0,OH,Ohio,12.8,40.400000000000006
39115,6704.0,424.0,1244.0,2247.0,1447.0,OH,Ohio,13.9,45.3
39117,9946.0,889.0,1354.0,754.0,0.0,OH,Ohio,11.45,41.3
39119,31386.0,2527.0,6933.0,20372.0,16963.0,OH,Ohio,12.6,44.650000000000006
39121,3963.0,318.0,646.0,6287.0,4995.0,OH,Ohio,14.65,40.6
39123,10712.0,775.0,1654.0,12832.0,12774.0,OH,Ohio,11.55,37.349999999999994
39125,5381.0,456.0,821.0,3827.0,1093.0,OH,Ohio,11.899999999999999,43.8
39127,14238.0,925.0,2937.0,1305.0,1297.0,OH,Ohio,12.3,43.400000000000006
39129,14434.0,855.0,2627.0,8705.0,8644.0,OH,Ohio,11.399999999999999,42.25
39131,11963.0,975.0,2539.0,1406.0,1276.0,OH,Ohio,14.0,39.6
39133,45439.0,3804.0,6853.0,56047.0,56047.0,OH,Ohio,10.6,34.75
39135,12051.0,837.0,1773.0,5712.0,5712.0,OH,Ohio,11.35,40.15
39137,7324.0,398.0,872.0,8253.0,4256.0,OH,Ohio,10.2,36.05
39139,41729.0,4602.0,7308.0,45295.0,45295.0,OH,Ohio,12.600000000000001,40.85
39141,26636.0,2012.0,6197.0,10494.0,10239.0,OH,Ohio,12.350000000000001,42.599999999999994
39143,18369.0,1499.0,2781.0,6533.0,6533.0,OH,Ohio,12.399999999999999,42.150000000000006
39145,32633.0,2975.0,8508.0,5828.0,5790.0,OH,Ohio,14.15,47.349999999999994
39147,17935.0,1417.0,2909.0,13684.0,13092.0,OH,Ohio,11.5,41.75
39149,12950.0,977.0,1470.0,7295.0,7295.0,OH,Ohio,11.5,40.9
39151,117131.0,11069.0,20758.0,108653.0,108653.0,OH,Ohio,11.85,41.7
39153,162791.0,19825.0,31561.0,168337.0,168337.0,OH,Ohio,11.25,42.650000000000006
39155,73471.0,6230.0,11455.0,62785.0,62785.0,OH,Ohio,13.55,41.849999999999994
39157,31176.0,2677.0,4955.0,10687.0,10482.0,OH,Ohio,11.899999999999999,39.650000000000006
39159,10246.0,845.0,1256.0,20014.0,15996.0,OH,Ohio,9.15,35.9
39161,9059.0,526.0,1352.0,5817.0,5060.0,OH,Ohio,11.45,44.0
39163,5622.0,435.0,1402.0,668.0,0.0,OH,Ohio,14.149999999999999,42.8
39165,32250.0,2507.0,3703.0,97281.0,97281.0,OH,Ohio,9.25,35.599999999999994
39167,19917.0,1499.0,3391.0,6899.0,4287.0,OH,Ohio,12.350000000000001,45.3
39169,35884.0,4001.0,4653.0,18871.0,18871.0,OH,Ohio,11.149999999999999,37.400000000000006
39171,11590.0,780.0,1988.0,11209.0,11133.0,OH,Ohio,11.55,42.05
39173,34884.0,2371.0,3708.0,38669.0,38649.0,OH,Ohio,10.25,39.900000000000006
39175,6604.0,513.0,820.0,1504.0,1191.0,OH,Ohio,11.0,34.349999999999994
40001,12402.0,543.0,1855.0,2189.0,720.0,OK,Oklahoma,16.7,43.05
40003,1250.0,58.0,128.0,3301.0,0.0,OK,Oklahoma,11.35,37.900000000000006
40005,5710.0,342.0,1090.0,4917.0,100.0,OK,Oklahoma,13.45,40.7
40007,2079.0,82.0,129.0,2152.0,126.0,OK,Oklahoma,11.600000000000001,37.85
40009,7708.0,575.0,922.0,5865.0,5424.0,OK,Oklahoma,12.05,43.4
40011,2931.0,129.0,515.0,7333.0,2556.0,OK,Oklahoma,13.05,42.0
40013,19435.0,968.0,2326.0,11211.0,5834.0,OK,Oklahoma,13.0,42.55
40015,12404.0,734.0,1679.0,6776.0,2024.0,OK,Oklahoma,14.149999999999999,43.650000000000006
40017,31509.0,1255.0,2972.0,39573.0,38640.0,OK,Oklahoma,9.45,36.45
40019,18152.0,1078.0,2496.0,8593.0,6733.0,OK,Oklahoma,12.15,40.8
40021,21450.0,1050.0,2259.0,13112.0,5973.0,OK,Oklahoma,13.9,42.900000000000006
40023,7394.0,539.0,1663.0,5652.0,4067.0,OK,Oklahoma,15.25,41.3
40025,914.0,9.0,108.0,1000.0,111.0,OK,Oklahoma,11.8,36.3
40027,76599.0,3966.0,9513.0,57636.0,56366.0,OK,Oklahoma,10.05,34.05
40029,2342.0,187.0,368.0,1623.0,0.0,OK,Oklahoma,14.85,42.099999999999994
40031,41714.0,3173.0,6393.0,34654.0,29797.0,OK,Oklahoma,12.4,44.75
40033,2360.0,159.0,349.0,1454.0,1227.0,OK,Oklahoma,13.35,41.650000000000006
40035,6419.0,364.0,719.0,4024.0,1630.0,OK,Oklahoma,14.25,43.6
40037,25971.0,982.0,3507.0,11094.0,10668.0,OK,Oklahoma,12.2,41.7
40039,12491.0,346.0,933.0,11567.0,8527.0,OK,Oklahoma,11.75,43.349999999999994
40041,19428.0,753.0,2475.0,8775.0,3792.0,OK,Oklahoma,14.4,40.55
40043,2009.0,35.0,82.0,3084.0,1050.0,OK,Oklahoma,12.15,37.75
40045,1613.0,54.0,123.0,1772.0,122.0,OK,Oklahoma,12.5,39.3
40047,22042.0,951.0,2940.0,11546.0,8468.0,OK,Oklahoma,11.25,43.65
40049,11419.0,471.0,1111.0,3568.0,1102.0,OK,Oklahoma,12.649999999999999,43.1
40051,17015.0,706.0,2112.0,14620.0,12388.0,OK,Oklahoma,11.0,38.35
40053,1200.0,13.0,149.0,2958.0,0.0,OK,Oklahoma,11.8,40.2
40055,2472.0,176.0,437.0,1060.0,629.0,OK,Oklahoma,12.5,40.3
40057,1063.0,95.0,179.0,242.0,0.0,OK,Oklahoma,14.8,42.5
40059,1207.0,43.0,87.0,1888.0,184.0,OK,Oklahoma,12.55,39.8
40061,5937.0,277.0,1037.0,4874.0,0.0,OK,Oklahoma,14.5,43.8
40063,5490.0,219.0,648.0,2631.0,98.0,OK,Oklahoma,14.1,41.5
40065,9954.0,768.0,1571.0,8384.0,6439.0,OK,Oklahoma,11.9,38.900000000000006
40067,3257.0,146.0,487.0,1686.0,0.0,OK,Oklahoma,14.350000000000001,42.1
40069,4915.0,224.0,802.0,3697.0,0.0,OK,Oklahoma,13.600000000000001,41.55
40071,17791.0,1187.0,2842.0,17782.0,17054.0,OK,Oklahoma,12.75,40.05
40073,4740.0,160.0,369.0,2837.0,1261.0,OK,Oklahoma,10.95,38.75
40075,4209.0,243.0,731.0,3944.0,951.0,OK,Oklahoma,14.2,41.349999999999994
40077,4425.0,261.0,654.0,2178.0,0.0,OK,Oklahoma,14.8,40.5
40079,23436.0,1009.0,3651.0,9085.0,4049.0,OK,Oklahoma,14.1,42.95
40081,12799.0,554.0,1487.0,9363.0,3491.0,OK,Oklahoma,12.05,40.9
40083,13133.0,482.0,1605.0,22349.0,18689.0,OK,Oklahoma,10.600000000000001,41.45
40085,3640.0,112.0,271.0,1825.0,0.0,OK,Oklahoma,13.2,41.6
40087,9515.0,354.0,1135.0,3206.0,2146.0,OK,Oklahoma,10.35,39.95
40089,16433.0,950.0,2619.0,9416.0,6613.0,OK,Oklahoma,14.850000000000001,46.849999999999994
40091,8910.0,397.0,1705.0,2875.0,607.0,OK,Oklahoma,15.45,43.35
40093,2308.0,107.0,217.0,814.0,43.0,OK,Oklahoma,11.4,41.95
40095,6928.0,265.0,816.0,4615.0,3781.0,OK,Oklahoma,14.05,40.0
40097,16220.0,740.0,2683.0,5191.0,4487.0,OK,Oklahoma,13.3,42.3
40099,4819.0,229.0,626.0,2138.0,1981.0,OK,Oklahoma,12.55,41.1
40101,28331.0,2234.0,5205.0,10391.0,9016.0,OK,Oklahoma,14.2,40.55
40103,3783.0,211.0,523.0,3675.0,995.0,OK,Oklahoma,11.65,37.9
40105,4350.0,191.0,601.0,2629.0,1777.0,OK,Oklahoma,13.350000000000001,43.150000000000006
40107,5734.0,315.0,789.0,1810.0,287.0,OK,Oklahoma,16.15,43.9
40109,284823.0,18348.0,39926.0,157106.0,154673.0,OK,Oklahoma,12.5,37.650000000000006
40111,16510.0,1046.0,3155.0,10830.0,10045.0,OK,Oklahoma,13.95,42.55
40113,16951.0,872.0,2126.0,17828.0,11580.0,OK,Oklahoma,13.2,41.3
40115,14879.0,767.0,2245.0,5067.0,3640.0,OK,Oklahoma,14.350000000000001,41.2
40117,6559.0,232.0,654.0,929.0,692.0,OK,Oklahoma,12.399999999999999,40.650000000000006
40119,34462.0,1705.0,2673.0,19552.0,18777.0,OK,Oklahoma,10.25,39.3
40121,16969.0,1219.0,2729.0,16509.0,8472.0,OK,Oklahoma,13.2,41.2
40123,13615.0,799.0,1928.0,10720.0,6328.0,OK,Oklahoma,11.850000000000001,35.650000000000006
40125,27452.0,1457.0,4430.0,12007.0,7827.0,OK,Oklahoma,11.75,41.55
40127,5058.0,359.0,926.0,2830.0,77.0,OK,Oklahoma,14.75,39.95
40129,1382.0,43.0,111.0,1996.0,189.0,OK,Oklahoma,12.899999999999999,40.15
40131,23707.0,1012.0,3105.0,19002.0,18937.0,OK,Oklahoma,10.75,42.95
40133,11770.0,631.0,1931.0,5913.0,1601.0,OK,Oklahoma,14.600000000000001,43.0
40135,20528.0,920.0,3150.0,8598.0,7501.0,OK,Oklahoma,14.85,42.6
40137,16605.0,910.0,2272.0,12335.0,9360.0,OK,Oklahoma,12.7,40.95
40139,7742.0,315.0,459.0,5954.0,2343.0,OK,Oklahoma,13.95,45.0
40141,3411.0,154.0,530.0,3249.0,498.0,OK,Oklahoma,14.25,41.95
40143,218289.0,17081.0,30367.0,153982.0,153982.0,OK,Oklahoma,11.5,36.25
40145,22883.0,896.0,3291.0,29515.0,29462.0,OK,Oklahoma,10.8,41.2
40147,17783.0,1163.0,2260.0,17076.0,15418.0,OK,Oklahoma,12.3,41.45
40149,3653.0,209.0,467.0,5524.0,1335.0,OK,Oklahoma,11.55,39.4
40151,2694.0,129.0,377.0,2361.0,672.0,OK,Oklahoma,10.2,39.4
40153,6076.0,312.0,804.0,6043.0,2698.0,OK,Oklahoma,11.75,43.25
41001,5989.0,477.0,1280.0,6113.0,3713.0,OR,Oregon,10.7,30.95
41003,29713.0,2489.0,4082.0,23900.0,21107.0,OR,Oregon,8.05,26.549999999999997
41005,83987.0,8062.0,16694.0,64989.0,64379.0,OR,Oregon,8.2,31.8
41007,12791.0,1228.0,2561.0,4606.0,2694.0,OR,Oregon,9.75,30.15
41009,15649.0,1251.0,3539.0,3008.0,2662.0,OR,Oregon,9.6,32.900000000000006
41011,25354.0,2246.0,6578.0,6653.0,5239.0,OR,Oregon,11.35,36.1
41013,9349.0,382.0,2152.0,3463.0,2494.0,OR,Oregon,10.1,32.5
41015,8267.0,749.0,1651.0,1467.0,699.0,OR,Oregon,11.4,32.25
41017,48395.0,2520.0,9844.0,36245.0,35545.0,OR,Oregon,8.15,26.0
41019,42642.0,3026.0,9534.0,24944.0,16420.0,OR,Oregon,11.0,34.0
41021,716.0,52.0,141.0,1022.0,723.0,OR,Oregon,10.9,31.8
41023,2731.0,155.0,606.0,2963.0,1274.0,OR,Oregon,11.2,32.05
41025,2807.0,133.0,679.0,2827.0,2033.0,OR,Oregon,11.45,34.45
41027,6906.0,475.0,941.0,3353.0,3352.0,OR,Oregon,9.3,31.200000000000003
41029,81077.0,5761.0,16766.0,40827.0,37935.0,OR,Oregon,9.95,30.05
41031,8799.0,304.0,2164.0,2716.0,1277.0,OR,Oregon,11.3,36.1
41033,37234.0,1978.0,8051.0,18371.0,15662.0,OR,Oregon,11.15,32.150000000000006
41035,29705.0,1843.0,6890.0,22780.0,18668.0,OR,Oregon,11.25,35.4
41037,3241.0,223.0,671.0,3200.0,2708.0,OR,Oregon,11.95,35.849999999999994
41039,139712.0,12597.0,30312.0,62843.0,58494.0,OR,Oregon,9.7,34.5
41041,18869.0,1484.0,4561.0,6542.0,5683.0,OR,Oregon,10.75,34.8
41043,43363.0,2651.0,9517.0,40525.0,37619.0,OR,Oregon,10.05,37.75
41045,12716.0,816.0,2914.0,2794.0,2127.0,OR,Oregon,11.9,36.65
41047,123271.0,7142.0,22586.0,54734.0,54186.0,OR,Oregon,11.149999999999999,37.2
41049,4491.0,127.0,687.0,504.0,10.0,OR,Oregon,12.15,38.55
41051,249542.0,40966.0,55018.0,55948.0,55886.0,OR,Oregon,8.1,26.1
41053,26482.0,1465.0,4992.0,19525.0,19129.0,OR,Oregon,9.1,33.8
41055,604.0,32.0,105.0,843.0,11.0,OR,Oregon,10.75,33.75
41057,9769.0,747.0,2015.0,727.0,0.0,OR,Oregon,10.65,31.5
41059,29873.0,1748.0,6246.0,23145.0,18594.0,OR,Oregon,10.75,38.7
41061,10186.0,601.0,2022.0,3118.0,2323.0,OR,Oregon,9.85,34.849999999999994
41063,2461.0,213.0,587.0,1757.0,272.0,OR,Oregon,9.7,30.05
41065,8972.0,695.0,2115.0,10074.0,7709.0,OR,Oregon,10.55,37.2
41067,135351.0,12686.0,22213.0,75773.0,75491.0,OR,Oregon,8.2,31.2
41069,725.0,31.0,121.0,1441.0,867.0,OR,Oregon,12.25,33.650000000000006
41071,30462.0,1676.0,6164.0,15553.0,14798.0,OR,Oregon,9.399999999999999,34.05
42001,22608.0,1800.0,2989.0,16081.0,16063.0,PA,Pennsylvania,9.55,36.75
42003,318771.0,71152.0,66521.0,323490.0,323490.0,PA,Pennsylvania,8.7,31.55
42005,20818.0,1930.0,4353.0,3567.0,3082.0,PA,Pennsylvania,10.1,35.6
42007,45367.0,6165.0,9710.0,55475.0,55475.0,PA,Pennsylvania,9.899999999999999,35.8
42009,16300.0,1120.0,2600.0,11302.0,6722.0,PA,Pennsylvania,10.55,36.8
42011,120130.0,12813.0,20784.0,71797.0,71797.0,PA,Pennsylvania,10.65,36.15
42013,40854.0,4773.0,8451.0,20641.0,20641.0,PA,Pennsylvania,10.100000000000001,34.25
42015,19962.0,1827.0,2835.0,8889.0,5817.0,PA,Pennsylvania,10.55,41.3
42017,97602.0,11394.0,13568.0,216356.0,216356.0,PA,Pennsylvania,8.350000000000001,31.4
42019,37068.0,4879.0,6373.0,44733.0,41342.0,PA,Pennsylvania,8.350000000000001,32.1
42021,42600.0,5878.0,10022.0,32023.0,32023.0,PA,Pennsylvania,10.6,38.599999999999994
42023,1834.0,219.0,356.0,384.0,36.0,PA,Pennsylvania,12.7,38.9
42025,19206.0,1474.0,3051.0,3247.0,3247.0,PA,Pennsylvania,10.4,36.400000000000006
42027,47405.0,5743.0,3939.0,24827.0,23997.0,PA,Pennsylvania,8.45,31.549999999999997
42029,80979.0,8841.0,8741.0,224885.0,224885.0,PA,Pennsylvania,7.85,31.700000000000003
42031,13814.0,1426.0,2193.0,6273.0,4176.0,PA,Pennsylvania,10.4,36.25
42033,27151.0,2405.0,5714.0,15741.0,13110.0,PA,Pennsylvania,10.65,37.349999999999994
42035,13451.0,1434.0,2241.0,4425.0,3101.0,PA,Pennsylvania,10.05,36.55
42037,20901.0,1634.0,2976.0,5638.0,5633.0,PA,Pennsylvania,9.65,39.900000000000006
42039,29259.0,3434.0,5635.0,12874.0,10862.0,PA,Pennsylvania,10.399999999999999,38.849999999999994
42041,50203.0,5869.0,7143.0,63487.0,63487.0,PA,Pennsylvania,8.65,30.700000000000003
42043,79201.0,11242.0,13979.0,94787.0,94787.0,PA,Pennsylvania,10.399999999999999,37.05
42045,127589.0,21937.0,22812.0,88614.0,88614.0,PA,Pennsylvania,9.7,32.7
42047,8871.0,1010.0,1319.0,5517.0,5163.0,PA,Pennsylvania,9.9,34.9
42049,94099.0,12380.0,19796.0,95507.0,95271.0,PA,Pennsylvania,10.5,37.35
42051,49241.0,4378.0,11650.0,22984.0,22591.0,PA,Pennsylvania,10.85,37.45
42053,1185.0,89.0,248.0,3043.0,0.0,PA,Pennsylvania,11.9,39.8
42055,42335.0,3606.0,6241.0,36297.0,34751.0,PA,Pennsylvania,9.75,37.8
42057,4822.0,389.0,810.0,350.0,0.0,PA,Pennsylvania,10.15,37.5
42059,10521.0,1126.0,2357.0,8739.0,6783.0,PA,Pennsylvania,10.2,37.25
42061,14092.0,1174.0,2359.0,761.0,347.0,PA,Pennsylvania,10.45,38.2
42063,28738.0,3014.0,4567.0,7323.0,6767.0,PA,Pennsylvania,9.85,38.45
42065,15525.0,1514.0,2699.0,3579.0,3226.0,PA,Pennsylvania,10.75,38.1
42067,8475.0,730.0,949.0,1385.0,0.0,PA,Pennsylvania,10.25,36.849999999999994
42069,69046.0,8728.0,14462.0,32702.0,32702.0,PA,Pennsylvania,10.3,32.7
42071,143415.0,20160.0,17738.0,106166.0,106166.0,PA,Pennsylvania,8.95,35.0
42073,28525.0,3240.0,6966.0,16880.0,16880.0,PA,Pennsylvania,10.35,36.25
42075,40218.0,3400.0,6269.0,26079.0,26079.0,PA,Pennsylvania,10.2,35.85
42077,104513.0,12264.0,18608.0,89068.0,89068.0,PA,Pennsylvania,10.5,33.75
42079,101164.0,13420.0,21973.0,65129.0,65129.0,PA,Pennsylvania,11.05,36.85
42081,35689.0,4160.0,7055.0,27039.0,23224.0,PA,Pennsylvania,9.75,36.75
42083,14320.0,1610.0,2894.0,1215.0,960.0,PA,Pennsylvania,10.45,37.0
42085,34221.0,4438.0,7342.0,21225.0,21225.0,PA,Pennsylvania,10.5,40.05
42087,17197.0,2055.0,3026.0,9136.0,8696.0,PA,Pennsylvania,11.0,35.75
42089,45475.0,2846.0,7012.0,39784.0,39784.0,PA,Pennsylvania,10.850000000000001,33.3
42091,128310.0,18334.0,18965.0,249979.0,249979.0,PA,Pennsylvania,8.35,30.55
42093,4962.0,880.0,703.0,3526.0,3526.0,PA,Pennsylvania,9.3,33.650000000000006
42095,68568.0,7816.0,11729.0,73087.0,73087.0,PA,Pennsylvania,9.9,32.099999999999994
42097,31360.0,4136.0,5283.0,6222.0,6222.0,PA,Pennsylvania,10.35,39.3
42099,11680.0,906.0,1698.0,2877.0,0.0,PA,Pennsylvania,9.75,35.05
42101,700194.0,180449.0,151910.0,16422.0,16422.0,PA,Pennsylvania,12.4,31.200000000000003
42103,13829.0,872.0,2034.0,7222.0,6568.0,PA,Pennsylvania,10.5,38.95
42105,6192.0,469.0,922.0,837.0,0.0,PA,Pennsylvania,11.3,39.1
42107,45856.0,5313.0,9291.0,12410.0,12410.0,PA,Pennsylvania,10.35,39.5
42109,11726.0,956.0,1447.0,2473.0,813.0,PA,Pennsylvania,9.45,35.7
42111,23566.0,2284.0,4331.0,12369.0,11707.0,PA,Pennsylvania,10.8,39.25
42113,2182.0,160.0,287.0,2211.0,0.0,PA,Pennsylvania,10.8,35.7
42115,13360.0,957.0,1705.0,7854.0,3783.0,PA,Pennsylvania,10.55,41.2
42117,14394.0,1029.0,2043.0,9814.0,5340.0,PA,Pennsylvania,10.5,38.15
42119,10815.0,1220.0,1582.0,8289.0,7977.0,PA,Pennsylvania,9.6,34.35
42121,18038.0,1609.0,3499.0,2898.0,2531.0,PA,Pennsylvania,10.55,35.25
42123,13289.0,1108.0,2201.0,4528.0,2375.0,PA,Pennsylvania,10.3,37.45
42125,49760.0,6397.0,10174.0,71558.0,71117.0,PA,Pennsylvania,9.2,33.9
42127,13620.0,960.0,2308.0,1033.0,618.0,PA,Pennsylvania,10.75,34.150000000000006
42129,86922.0,11286.0,17769.0,119644.0,119644.0,PA,Pennsylvania,9.25,32.1
42131,7683.0,483.0,1144.0,248.0,0.0,PA,Pennsylvania,9.8,37.05
42133,110773.0,9946.0,19115.0,128258.0,128258.0,PA,Pennsylvania,9.55,39.45
44001,8617.0,1252.0,1707.0,27936.0,27936.0,RI,Rhode Island,7.75,23.549999999999997
44003,33829.0,4056.0,8166.0,53424.0,53424.0,RI,Rhode Island,8.7,29.8
44005,15601.0,2486.0,3312.0,27758.0,27758.0,RI,Rhode Island,7.8500000000000005,25.9
44007,207164.0,29608.0,48807.0,99854.0,99854.0,RI,Rhode Island,10.45,32.35
44009,22814.0,2229.0,3663.0,39671.0,38620.0,RI,Rhode Island,7.85,25.5
45001,10322.0,1014.0,1955.0,5176.0,2529.0,SC,South Carolina,13.8,39.75
45003,62708.0,3906.0,9217.0,46633.0,45207.0,SC,South Carolina,12.8,37.25
45005,4962.0,679.0,1086.0,243.0,0.0,SC,South Carolina,19.05,46.1
45007,71211.0,5590.0,10595.0,67515.0,67385.0,SC,South Carolina,11.95,36.150000000000006
45009,6553.0,466.0,1189.0,4332.0,3573.0,SC,South Carolina,15.8,43.6
45011,10614.0,1031.0,1995.0,7.0,0.0,SC,South Carolina,16.9,46.3
45013,51511.0,3262.0,4625.0,79485.0,77017.0,SC,South Carolina,9.8,31.05
45015,64279.0,3168.0,7770.0,51628.0,43843.0,SC,South Carolina,11.5,39.8
45017,5151.0,520.0,921.0,149.0,0.0,SC,South Carolina,14.75,39.2
45019,115507.0,10621.0,13902.0,72788.0,69751.0,SC,South Carolina,10.3,31.75
45021,25211.0,1870.0,3690.0,6380.0,6043.0,SC,South Carolina,13.75,38.6
45023,15131.0,1015.0,1735.0,5276.0,4326.0,SC,South Carolina,14.3,41.6
45025,21876.0,1788.0,3321.0,5183.0,2989.0,SC,South Carolina,14.5,39.3
45027,15712.0,1385.0,3279.0,5786.0,2204.0,SC,South Carolina,16.05,39.55
45029,18544.0,763.0,2859.0,14776.0,6812.0,SC,South Carolina,15.25,37.349999999999994
45031,31792.0,2768.0,5666.0,8575.0,7465.0,SC,South Carolina,14.8,41.150000000000006
45033,18515.0,1275.0,3326.0,1432.0,1409.0,SC,South Carolina,17.5,43.849999999999994
45035,44347.0,2193.0,6487.0,34109.0,32485.0,SC,South Carolina,11.75,41.05
45037,8973.0,630.0,1536.0,8040.0,7144.0,SC,South Carolina,14.399999999999999,36.8
45039,11240.0,681.0,1585.0,5605.0,2008.0,SC,South Carolina,17.049999999999997,43.45
45041,54359.0,4469.0,9879.0,24319.0,24319.0,SC,South Carolina,14.3,39.7
45043,24042.0,2001.0,4034.0,15878.0,12578.0,SC,South Carolina,13.0,37.95
45045,152244.0,11435.0,18427.0,161134.0,161042.0,SC,South Carolina,10.25,33.05
45047,30682.0,2298.0,4732.0,9454.0,9032.0,SC,South Carolina,14.100000000000001,40.05
45049,10079.0,463.0,1221.0,2685.0,0.0,SC,South Carolina,17.25,41.8
45051,119012.0,6044.0,15117.0,63071.0,62750.0,SC,South Carolina,12.6,35.95
45053,13480.0,570.0,1592.0,2434.0,0.0,SC,South Carolina,14.65,39.35
45055,24101.0,873.0,2852.0,20675.0,18057.0,SC,South Carolina,12.5,35.65
45057,27341.0,1548.0,3682.0,21830.0,21463.0,SC,South Carolina,11.600000000000001,33.05
45059,29156.0,1766.0,3894.0,10476.0,10363.0,SC,South Carolina,14.2,43.150000000000006
45061,8754.0,663.0,1510.0,956.0,0.0,SC,South Carolina,16.35,44.15
45063,85018.0,5395.0,12939.0,86100.0,86062.0,SC,South Carolina,11.0,38.2
45065,3505.0,261.0,807.0,642.0,0.0,SC,South Carolina,15.1,35.95
45067,15935.0,1396.0,3094.0,70.0,0.0,SC,South Carolina,17.8,41.8
45069,12306.0,1242.0,2392.0,5949.0,5555.0,SC,South Carolina,18.0,44.0
45071,15599.0,1087.0,2427.0,10769.0,9653.0,SC,South Carolina,13.5,41.099999999999994
45073,29655.0,1992.0,4107.0,16949.0,16151.0,SC,South Carolina,12.600000000000001,35.4
45075,41957.0,2926.0,6926.0,26310.0,22020.0,SC,South Carolina,17.2,42.45
45077,45266.0,3054.0,4721.0,50757.0,50757.0,SC,South Carolina,10.600000000000001,32.4
45079,133006.0,10567.0,20561.0,178752.0,175429.0,SC,South Carolina,12.350000000000001,36.7
45081,9171.0,436.0,1002.0,586.0,0.0,SC,South Carolina,14.850000000000001,40.3
45083,109170.0,7221.0,14739.0,96705.0,94068.0,SC,South Carolina,12.25,34.5
45085,47663.0,3649.0,7637.0,20373.0,17932.0,SC,South Carolina,14.8,41.65
45087,12475.0,1139.0,2104.0,2292.0,1730.0,SC,South Carolina,15.25,41.2
45089,15816.0,1495.0,3415.0,2771.0,0.0,SC,South Carolina,18.25,46.5
45091,70140.0,3806.0,9148.0,72004.0,70422.0,SC,South Carolina,10.75,33.900000000000006
46003,651.0,18.0,57.0,1908.0,26.0,SD,South Dakota,9.35,38.7
46005,5833.0,275.0,1089.0,5040.0,2569.0,SD,South Dakota,10.75,36.9
46007,1856.0,30.0,176.0,1346.0,59.0,SD,South Dakota,15.2,42.65
46009,1752.0,123.0,183.0,5670.0,82.0,SD,South Dakota,10.3,36.5
46011,9546.0,604.0,651.0,14495.0,11876.0,SD,South Dakota,8.2,31.85
46013,10421.0,1196.0,1043.0,15391.0,12326.0,SD,South Dakota,9.5,36.45
46015,2069.0,162.0,302.0,1715.0,10.0,SD,South Dakota,10.75,38.7
46017,1461.0,63.0,267.0,347.0,67.0,SD,South Dakota,17.95,46.85
46019,4346.0,223.0,636.0,4292.0,2944.0,SD,South Dakota,10.45,37.849999999999994
46021,334.0,11.0,15.0,594.0,0.0,SD,South Dakota,9.95,31.75
46023,4105.0,198.0,448.0,861.0,4.0,SD,South Dakota,12.85,39.75
46025,1316.0,63.0,75.0,1708.0,14.0,SD,South Dakota,9.75,32.9
46027,4915.0,191.0,583.0,4616.0,3716.0,SD,South Dakota,8.3,33.35
46029,8251.0,635.0,1106.0,8861.0,6662.0,SD,South Dakota,9.9,37.150000000000006
46031,2627.0,174.0,343.0,1463.0,262.0,SD,South Dakota,17.25,43.5
46033,2306.0,125.0,269.0,2897.0,237.0,SD,South Dakota,11.2,38.35
46035,5957.0,596.0,1067.0,6371.0,5141.0,SD,South Dakota,9.8,39.9
46037,2025.0,73.0,278.0,2797.0,18.0,SD,South Dakota,11.45,38.7
46039,1182.0,26.0,105.0,1428.0,0.0,SD,South Dakota,9.399999999999999,39.4
46041,3307.0,136.0,415.0,2572.0,2104.0,SD,South Dakota,16.65,44.75
46043,780.0,47.0,46.0,213.0,0.0,SD,South Dakota,9.95,36.15
46045,854.0,72.0,75.0,1880.0,0.0,SD,South Dakota,9.35,35.0
46047,2156.0,200.0,197.0,2418.0,1525.0,SD,South Dakota,12.850000000000001,36.7
46049,687.0,27.0,16.0,1140.0,63.0,SD,South Dakota,10.45,35.2
46051,1612.0,83.0,183.0,1393.0,107.0,SD,South Dakota,9.35,36.9
46053,1613.0,88.0,184.0,1194.0,0.0,SD,South Dakota,11.35,38.15
46055,956.0,48.0,18.0,801.0,582.0,SD,South Dakota,11.45,36.1
46057,1492.0,77.0,84.0,5671.0,39.0,SD,South Dakota,8.649999999999999,36.599999999999994
46059,871.0,45.0,59.0,1136.0,52.0,SD,South Dakota,9.35,36.0
46061,786.0,9.0,25.0,2355.0,0.0,SD,South Dakota,9.0,35.849999999999994
46063,322.0,4.0,8.0,1255.0,1205.0,SD,South Dakota,9.2,36.150000000000006
46065,3530.0,565.0,480.0,5931.0,4776.0,SD,South Dakota,9.05,36.05
46067,1861.0,148.0,157.0,651.0,0.0,SD,South Dakota,9.8,35.35
46069,367.0,22.0,29.0,210.0,29.0,SD,South Dakota,9.6,36.35
46071,2145.0,91.0,176.0,1938.0,570.0,SD,South Dakota,16.950000000000003,38.3
46073,477.0,26.0,38.0,2071.0,1591.0,SD,South Dakota,9.7,36.2
46075,295.0,9.0,26.0,1006.0,923.0,SD,South Dakota,9.7,35.3
46077,1113.0,77.0,131.0,863.0,0.0,SD,South Dakota,9.25,35.25
46079,3206.0,194.0,209.0,2137.0,720.0,SD,South Dakota,9.45,34.05
46081,7531.0,931.0,872.0,4845.0,4524.0,SD,South Dakota,9.6,31.65
46083,8131.0,302.0,683.0,7431.0,7371.0,SD,South Dakota,7.7,34.15
46085,1667.0,87.0,176.0,2062.0,1276.0,SD,South Dakota,13.5,40.85
46087,1439.0,75.0,153.0,2683.0,0.0,SD,South Dakota,8.850000000000001,34.5
46089,848.0,32.0,90.0,1369.0,266.0,SD,South Dakota,10.5,35.75
46091,1165.0,66.0,111.0,2360.0,0.0,SD,South Dakota,9.45,35.55
46093,7843.0,246.0,872.0,3902.0,3071.0,SD,South Dakota,8.05,33.400000000000006
46095,1347.0,76.0,193.0,827.0,406.0,SD,South Dakota,18.25,43.15
46097,641.0,22.0,78.0,580.0,0.0,SD,South Dakota,9.649999999999999,36.15
46099,48315.0,4303.0,7172.0,33528.0,32429.0,SD,South Dakota,8.5,35.55
46101,2049.0,85.0,218.0,1123.0,0.0,SD,South Dakota,9.85,33.650000000000006
46102,0.0,0.0,0.0,0.0,0.0,SD,South Dakota,20.450000000000003,46.55
46103,33776.0,2242.0,4812.0,33077.0,30600.0,SD,South Dakota,8.9,35.8
46105,969.0,56.0,55.0,947.0,213.0,SD,South Dakota,10.5,35.400000000000006
46107,673.0,7.0,31.0,923.0,2.0,SD,South Dakota,9.95,36.55
46109,4193.0,194.0,494.0,3585.0,325.0,SD,South Dakota,13.7,44.5
46111,649.0,21.0,94.0,2328.0,365.0,SD,South Dakota,9.75,36.150000000000006
46115,1801.0,93.0,178.0,2779.0,502.0,SD,South Dakota,9.25,35.75
46117,549.0,18.0,49.0,399.0,247.0,SD,South Dakota,8.75,34.1
46119,288.0,13.0,13.0,1369.0,968.0,SD,South Dakota,9.8,35.3
46121,7412.0,585.0,1046.0,1638.0,39.0,SD,South Dakota,21.15,47.0
46123,1914.0,68.0,267.0,1811.0,503.0,SD,South Dakota,12.1,38.0
46125,2171.0,113.0,329.0,179.0,0.0,SD,South Dakota,9.55,34.6
46127,3056.0,146.0,395.0,143.0,0.0,SD,South Dakota,8.5,38.35
46129,1550.0,71.0,175.0,1791.0,484.0,SD,South Dakota,10.850000000000001,35.9
46135,6679.0,554.0,1067.0,5711.0,3835.0,SD,South Dakota,9.2,36.3
46137,1774.0,91.0,243.0,1050.0,735.0,SD,South Dakota,18.05,48.05
47001,26710.0,1664.0,5379.0,8188.0,8077.0,TN,Tennessee,12.3,38.349999999999994
47003,19907.0,822.0,2859.0,10365.0,9536.0,TN,Tennessee,12.45,36.85
47005,7660.0,574.0,1360.0,2075.0,913.0,TN,Tennessee,14.1,35.4
47007,6333.0,282.0,1314.0,602.0,0.0,TN,Tennessee,13.55,37.9
47009,38959.0,1859.0,5796.0,37061.0,36995.0,TN,Tennessee,11.65,32.4
47011,37100.0,2168.0,6071.0,32534.0,32503.0,TN,Tennessee,12.0,40.2
47013,17660.0,1543.0,3694.0,5621.0,2328.0,TN,Tennessee,13.649999999999999,40.75
47015,5133.0,217.0,1024.0,320.0,0.0,TN,Tennessee,12.3,35.900000000000006
47017,11573.0,796.0,2032.0,2682.0,2540.0,TN,Tennessee,13.1,37.05
47019,26071.0,1489.0,4422.0,27007.0,25749.0,TN,Tennessee,13.65,38.45
47021,11968.0,472.0,1742.0,2961.0,2781.0,TN,Tennessee,11.05,33.8
47023,5872.0,289.0,944.0,1950.0,696.0,TN,Tennessee,13.15,36.4
47025,14086.0,820.0,2697.0,2710.0,0.0,TN,Tennessee,12.95,36.9
47027,4046.0,155.0,586.0,14.0,0.0,TN,Tennessee,15.200000000000001,36.75
47029,17578.0,760.0,3472.0,7827.0,4028.0,TN,Tennessee,14.3,39.2
47031,20932.0,802.0,3113.0,7255.0,6423.0,TN,Tennessee,12.1,38.3
47033,6105.0,275.0,961.0,2120.0,2014.0,TN,Tennessee,13.95,37.2
47035,23091.0,1243.0,4068.0,15060.0,12733.0,TN,Tennessee,13.95,37.05
47037,232555.0,18675.0,33606.0,166536.0,166536.0,TN,Tennessee,11.15,32.55
47039,5254.0,248.0,875.0,730.0,0.0,TN,Tennessee,14.0,36.95
47041,8325.0,335.0,1142.0,2741.0,2598.0,TN,Tennessee,13.3,36.25
47043,18110.0,977.0,2445.0,6052.0,4598.0,TN,Tennessee,11.2,36.85
47045,15955.0,710.0,2667.0,10534.0,10433.0,TN,Tennessee,12.9,34.55
47047,12504.0,694.0,2309.0,6488.0,3759.0,TN,Tennessee,13.45,32.55
47049,8947.0,700.0,1930.0,57.0,0.0,TN,Tennessee,14.3,35.5
47051,14292.0,725.0,2266.0,7845.0,4613.0,TN,Tennessee,12.399999999999999,39.400000000000006
47053,20742.0,1242.0,3530.0,10689.0,10653.0,TN,Tennessee,13.7,38.7
47055,10770.0,554.0,1809.0,3543.0,0.0,TN,Tennessee,13.0,33.75
47057,9395.0,409.0,1719.0,0.0,0.0,TN,Tennessee,13.45,38.95
47059,28610.0,1255.0,4242.0,19684.0,16091.0,TN,Tennessee,13.05,37.349999999999994
47061,6585.0,275.0,1270.0,952.0,0.0,TN,Tennessee,13.45,38.3
47063,26272.0,1321.0,4479.0,26681.0,26681.0,TN,Tennessee,13.5,38.45
47065,111365.0,9676.0,18278.0,147539.0,147539.0,TN,Tennessee,11.95,34.95
47067,3308.0,236.0,853.0,73.0,0.0,TN,Tennessee,16.0,39.05
47069,10737.0,625.0,1664.0,3396.0,0.0,TN,Tennessee,15.95,40.55
47071,11005.0,667.0,2088.0,4952.0,3024.0,TN,Tennessee,13.649999999999999,37.05
47073,24435.0,1432.0,4626.0,9576.0,9250.0,TN,Tennessee,13.45,37.65
47075,7835.0,738.0,1847.0,4764.0,2745.0,TN,Tennessee,17.700000000000003,42.849999999999994
47077,11658.0,711.0,2345.0,1140.0,0.0,TN,Tennessee,13.5,38.9
47079,14212.0,685.0,2479.0,7470.0,4458.0,TN,Tennessee,13.9,38.650000000000006
47081,9961.0,471.0,1396.0,2420.0,0.0,TN,Tennessee,12.3,37.15
47083,3535.0,158.0,439.0,164.0,0.0,TN,Tennessee,12.350000000000001,36.3
47085,6959.0,314.0,888.0,4138.0,3521.0,TN,Tennessee,12.2,37.05
47087,5344.0,241.0,833.0,9.0,0.0,TN,Tennessee,13.55,36.65
47089,19633.0,652.0,3623.0,8624.0,8624.0,TN,Tennessee,12.1,34.75
47091,8196.0,460.0,1454.0,1489.0,0.0,TN,Tennessee,14.25,36.0
47093,145388.0,11283.0,21981.0,177929.0,177929.0,TN,Tennessee,11.25,36.15
47095,2142.0,348.0,843.0,15.0,0.0,TN,Tennessee,15.7,41.3
47097,11782.0,1143.0,2528.0,1638.0,1584.0,TN,Tennessee,15.4,41.45
47099,18548.0,1176.0,3002.0,1452.0,0.0,TN,Tennessee,12.899999999999999,41.0
47101,5267.0,410.0,935.0,4210.0,4179.0,TN,Tennessee,13.95,37.45
47103,13184.0,1053.0,2101.0,3387.0,0.0,TN,Tennessee,12.25,36.25
47105,17284.0,975.0,1909.0,6899.0,6899.0,TN,Tennessee,11.95,34.0
47107,22174.0,1161.0,3440.0,7574.0,7574.0,TN,Tennessee,12.7,35.05
47109,12470.0,625.0,2405.0,6291.0,5802.0,TN,Tennessee,13.8,36.95
47111,9885.0,333.0,1679.0,3110.0,3110.0,TN,Tennessee,13.05,36.65
47113,36655.0,3244.0,6468.0,32889.0,31579.0,TN,Tennessee,14.1,40.8
47115,10334.0,640.0,1930.0,3084.0,3083.0,TN,Tennessee,13.05,34.25
47117,11915.0,559.0,1466.0,6930.0,6155.0,TN,Tennessee,12.25,32.599999999999994
47119,27754.0,1378.0,4255.0,20701.0,18981.0,TN,Tennessee,11.05,31.2
47121,4244.0,243.0,937.0,373.0,0.0,TN,Tennessee,12.7,36.599999999999994
47123,19674.0,723.0,3277.0,6226.0,5999.0,TN,Tennessee,13.55,35.1
47125,66646.0,2889.0,8533.0,80949.0,79475.0,TN,Tennessee,10.850000000000001,38.3
47127,2130.0,78.0,273.0,8.0,0.0,TN,Tennessee,12.6,34.8
47129,9256.0,380.0,1950.0,2812.0,0.0,TN,Tennessee,13.4,35.8
47131,13525.0,887.0,2387.0,2174.0,2114.0,TN,Tennessee,13.850000000000001,36.4
47133,9473.0,647.0,969.0,98.0,0.0,TN,Tennessee,13.1,38.0
47135,4019.0,176.0,573.0,1944.0,0.0,TN,Tennessee,13.899999999999999,37.349999999999994
47137,2186.0,98.0,522.0,39.0,0.0,TN,Tennessee,14.75,36.9
47139,6735.0,362.0,945.0,667.0,0.0,TN,Tennessee,12.55,37.85
47141,31727.0,1818.0,3770.0,29940.0,29835.0,TN,Tennessee,11.55,34.25
47143,14532.0,742.0,2369.0,6751.0,6751.0,TN,Tennessee,12.8,40.9
47145,18811.0,1142.0,3445.0,11016.0,10435.0,TN,Tennessee,12.15,36.5
47147,20011.0,949.0,2831.0,6261.0,5967.0,TN,Tennessee,11.45,34.35
47149,86361.0,3151.0,10504.0,58774.0,58481.0,TN,Tennessee,10.25,34.6
47151,10521.0,511.0,2593.0,4557.0,4389.0,TN,Tennessee,14.0,37.25
47153,6220.0,213.0,1127.0,5935.0,5769.0,TN,Tennessee,14.2,37.45
47155,39463.0,1272.0,5495.0,19291.0,18735.0,TN,Tennessee,12.4,40.55
47157,369411.0,31081.0,62933.0,303858.0,303858.0,TN,Tennessee,14.6,38.25
47159,7935.0,336.0,1195.0,627.0,620.0,TN,Tennessee,11.75,37.25
47161,5037.0,173.0,784.0,2104.0,0.0,TN,Tennessee,12.05,34.55
47163,60603.0,4184.0,10904.0,48162.0,48157.0,TN,Tennessee,12.55,36.2
47165,45584.0,2475.0,6939.0,54333.0,54333.0,TN,Tennessee,10.45,35.099999999999994
47167,19213.0,901.0,4019.0,2505.0,199.0,TN,Tennessee,12.25,41.599999999999994
47169,3646.0,99.0,444.0,0.0,0.0,TN,Tennessee,11.0,36.15
47171,7990.0,417.0,1618.0,673.0,81.0,TN,Tennessee,13.4,38.1
47173,8703.0,352.0,1881.0,364.0,0.0,TN,Tennessee,12.95,37.900000000000006
47175,2683.0,139.0,396.0,107.0,0.0,TN,Tennessee,14.7,39.7
47177,18741.0,1087.0,3262.0,3829.0,2879.0,TN,Tennessee,13.25,36.5
47179,45274.0,3424.0,7105.0,32192.0,32192.0,TN,Tennessee,11.45,28.8
47181,6423.0,354.0,1032.0,4152.0,0.0,TN,Tennessee,13.45,37.1
47183,13593.0,950.0,2525.0,6796.0,5778.0,TN,Tennessee,12.7,36.5
47185,13181.0,495.0,1769.0,7523.0,6677.0,TN,Tennessee,13.1,36.2
47187,26785.0,1605.0,2226.0,80424.0,80424.0,TN,Tennessee,8.4,28.0
47189,28587.0,1614.0,4215.0,40249.0,40225.0,TN,Tennessee,10.25,31.5
48001,19550.0,864.0,1941.0,25589.0,7393.0,TX,Texas,13.0,42.599999999999994
48003,4522.0,169.0,394.0,3963.0,3850.0,TX,Texas,12.35,39.4
48005,36246.0,1651.0,6036.0,22551.0,18077.0,TX,Texas,14.45,42.9
48007,10309.0,434.0,1187.0,7336.0,7334.0,TX,Texas,13.95,37.400000000000006
48009,2250.0,124.0,205.0,1655.0,1.0,TX,Texas,10.7,36.150000000000006
48011,404.0,8.0,19.0,1896.0,198.0,TX,Texas,9.8,33.75
48013,19007.0,1044.0,2539.0,8430.0,5579.0,TX,Texas,13.35,40.0
48015,8420.0,490.0,945.0,2093.0,0.0,TX,Texas,12.1,35.55
48017,3267.0,83.0,298.0,451.0,11.0,TX,Texas,13.25,37.900000000000006
48019,7132.0,146.0,858.0,7294.0,631.0,TX,Texas,12.2,35.3
48021,25931.0,1131.0,2929.0,12826.0,11101.0,TX,Texas,11.75,36.8
48023,1303.0,32.0,181.0,277.0,0.0,TX,Texas,11.8,36.55
48025,12148.0,664.0,1450.0,15525.0,11919.0,TX,Texas,14.05,41.0
48027,117703.0,6774.0,16854.0,96950.0,91987.0,TX,Texas,11.85,39.85
48029,702728.0,45852.0,83207.0,486650.0,486613.0,TX,Texas,12.7,38.75
48031,3324.0,149.0,219.0,667.0,0.0,TX,Texas,11.3,35.6
48033,100.0,5.0,5.0,641.0,430.0,TX,Texas,9.8,32.65
48035,6599.0,164.0,619.0,4656.0,0.0,TX,Texas,12.35,35.599999999999994
48037,34893.0,2475.0,4714.0,26752.0,25809.0,TX,Texas,12.5,39.650000000000006
48039,78331.0,3768.0,9491.0,93407.0,87734.0,TX,Texas,11.25,38.2
48041,91701.0,4086.0,6350.0,55485.0,53754.0,TX,Texas,10.55,33.150000000000006
48043,3646.0,205.0,552.0,3568.0,3455.0,TX,Texas,12.2,35.6
48045,738.0,22.0,71.0,1637.0,1475.0,TX,Texas,15.2,40.75
48047,4045.0,236.0,738.0,1277.0,1108.0,TX,Texas,19.6,44.15
48049,13525.0,715.0,1623.0,13374.0,9294.0,TX,Texas,12.100000000000001,37.55
48051,5482.0,317.0,637.0,2830.0,1433.0,TX,Texas,12.1,35.9
48053,13587.0,703.0,1374.0,10324.0,5168.0,TX,Texas,11.4,35.8
48055,17067.0,572.0,1626.0,6671.0,5829.0,TX,Texas,13.25,40.599999999999994
48057,8038.0,282.0,1178.0,14637.0,10319.0,TX,Texas,13.100000000000001,36.65
48059,5234.0,156.0,457.0,3859.0,2635.0,TX,Texas,10.600000000000001,35.9
48061,239398.0,8797.0,30579.0,130690.0,130238.0,TX,Texas,17.450000000000003,44.2
48063,5842.0,313.0,906.0,1315.0,1205.0,TX,Texas,13.8,39.75
48065,1172.0,27.0,109.0,1090.0,0.0,TX,Texas,10.2,35.0
48067,12509.0,750.0,1939.0,4954.0,3361.0,TX,Texas,13.65,40.4
48069,3636.0,171.0,345.0,1236.0,462.0,TX,Texas,13.65,37.95
48071,11054.0,588.0,919.0,3753.0,3612.0,TX,Texas,10.6,38.85
48073,21066.0,928.0,2802.0,17117.0,13441.0,TX,Texas,13.1,39.900000000000006
48075,2458.0,150.0,317.0,3012.0,2870.0,TX,Texas,11.75,37.900000000000006
48077,3431.0,80.0,481.0,6217.0,1717.0,TX,Texas,10.8,35.8
48079,1302.0,33.0,136.0,662.0,0.0,TX,Texas,17.75,43.15
48081,1142.0,62.0,131.0,3319.0,2578.0,TX,Texas,12.600000000000001,36.5
48083,3461.0,167.0,400.0,2428.0,998.0,TX,Texas,13.15,36.849999999999994
48085,159921.0,8951.0,10238.0,152973.0,152918.0,TX,Texas,8.85,27.0
48087,1412.0,74.0,192.0,225.0,0.0,TX,Texas,14.3,39.25
48089,7066.0,405.0,467.0,4354.0,1036.0,TX,Texas,13.25,37.95
48091,30936.0,1600.0,2100.0,15841.0,15841.0,TX,Texas,9.95,31.5
48093,4972.0,271.0,583.0,2942.0,882.0,TX,Texas,12.3,37.2
48095,1228.0,64.0,36.0,1091.0,71.0,TX,Texas,13.649999999999999,37.2
48097,12391.0,821.0,1811.0,3455.0,2197.0,TX,Texas,11.2,35.4
48099,23689.0,936.0,2649.0,47992.0,45103.0,TX,Texas,10.85,41.900000000000006
48101,950.0,72.0,171.0,1504.0,1448.0,TX,Texas,16.05,40.75
48103,1327.0,52.0,86.0,588.0,588.0,TX,Texas,12.3,38.0
48105,1122.0,39.0,141.0,250.0,94.0,TX,Texas,13.100000000000001,38.6
48107,2985.0,116.0,432.0,337.0,0.0,TX,Texas,15.65,41.099999999999994
48109,1241.0,47.0,111.0,186.0,139.0,TX,Texas,18.55,42.2
48111,2417.0,56.0,202.0,3224.0,2203.0,TX,Texas,14.45,40.150000000000006
48113,1015664.0,63543.0,116350.0,439455.0,439455.0,TX,Texas,12.05,35.150000000000006
48115,5363.0,408.0,628.0,5184.0,4185.0,TX,Texas,15.9,40.65
48117,7264.0,311.0,827.0,4015.0,3208.0,TX,Texas,15.05,42.3
48119,2030.0,157.0,288.0,377.0,0.0,TX,Texas,12.1,37.650000000000006
48121,162696.0,7343.0,14501.0,152028.0,151090.0,TX,Texas,9.149999999999999,31.900000000000002
48123,7232.0,342.0,981.0,1122.0,0.0,TX,Texas,13.75,39.25
48125,916.0,63.0,101.0,485.0,26.0,TX,Texas,13.5,38.6
48127,6225.0,394.0,1013.0,5388.0,4394.0,TX,Texas,21.75,45.35
48129,1120.0,33.0,117.0,574.0,10.0,TX,Texas,12.1,36.7
48131,5892.0,351.0,1034.0,3150.0,18.0,TX,Texas,17.4,41.6
48133,8162.0,393.0,902.0,4883.0,1788.0,TX,Texas,12.75,37.4
48135,48523.0,2212.0,6193.0,36683.0,36358.0,TX,Texas,12.6,38.4
48137,997.0,14.0,91.0,638.0,383.0,TX,Texas,17.65,39.85
48139,42145.0,1523.0,4353.0,51825.0,51729.0,TX,Texas,10.55,37.55
48141,394954.0,18695.0,56249.0,162632.0,162573.0,TX,Texas,14.4,37.35
48143,16707.0,770.0,1474.0,16056.0,11985.0,TX,Texas,10.55,35.5
48145,6585.0,550.0,989.0,2465.0,1131.0,TX,Texas,14.95,42.75
48147,10899.0,567.0,1392.0,12514.0,6396.0,TX,Texas,11.55,39.05
48149,7689.0,512.0,736.0,4569.0,1105.0,TX,Texas,11.8,36.05
48151,1303.0,66.0,162.0,677.0,0.0,TX,Texas,12.399999999999999,37.05
48153,2593.0,123.0,414.0,988.0,813.0,TX,Texas,14.0,39.599999999999994
48155,567.0,27.0,98.0,1336.0,1081.0,TX,Texas,15.5,39.1
48157,146516.0,5052.0,16125.0,172777.0,171490.0,TX,Texas,11.05,30.35
48159,3109.0,120.0,404.0,7871.0,7870.0,TX,Texas,10.25,33.150000000000006
48161,6972.0,347.0,953.0,3701.0,1089.0,TX,Texas,12.85,38.5
48163,7336.0,319.0,1058.0,4049.0,3847.0,TX,Texas,15.399999999999999,41.55
48165,8505.0,274.0,427.0,537.0,1.0,TX,Texas,12.100000000000001,37.3
48167,89523.0,6450.0,13662.0,100539.0,100091.0,TX,Texas,10.95,34.35
48169,1640.0,70.0,224.0,1281.0,1281.0,TX,Texas,12.3,37.900000000000006
48171,7851.0,456.0,598.0,2598.0,0.0,TX,Texas,11.0,33.95
48173,530.0,0.0,3.0,1206.0,938.0,TX,Texas,11.55,36.85
48175,2299.0,213.0,355.0,2654.0,0.0,TX,Texas,12.95,37.849999999999994
48177,8189.0,481.0,1263.0,8427.0,5475.0,TX,Texas,14.25,39.65
48179,8324.0,482.0,1099.0,5053.0,3389.0,TX,Texas,12.95,39.7
48181,42956.0,2270.0,5764.0,22495.0,21423.0,TX,Texas,10.649999999999999,37.150000000000006
48183,50163.0,3221.0,6706.0,29434.0,29434.0,TX,Texas,12.5,39.400000000000006
48185,9831.0,474.0,1266.0,8330.0,7.0,TX,Texas,13.4,41.349999999999994
48187,38926.0,1474.0,3509.0,54266.0,53087.0,TX,Texas,11.05,37.75
48189,13709.0,617.0,1754.0,8514.0,6905.0,TX,Texas,14.15,41.099999999999994
48191,1923.0,106.0,246.0,820.0,519.0,TX,Texas,15.100000000000001,39.849999999999994
48193,3112.0,145.0,457.0,2637.0,1248.0,TX,Texas,12.95,36.75
48195,2526.0,48.0,109.0,427.0,0.0,TX,Texas,13.399999999999999,38.85
48197,1686.0,90.0,171.0,1070.0,0.0,TX,Texas,12.2,37.45
48199,15087.0,831.0,1997.0,16739.0,13702.0,TX,Texas,11.649999999999999,35.85
48201,1683359.0,95285.0,203857.0,774117.0,774117.0,TX,Texas,12.2,36.6
48203,24198.0,1177.0,3050.0,7549.0,5779.0,TX,Texas,12.6,38.6
48205,1337.0,3.0,98.0,1450.0,468.0,TX,Texas,9.85,35.35
48207,2338.0,150.0,400.0,1600.0,1408.0,TX,Texas,13.7,38.35
48209,58076.0,2213.0,5016.0,13082.0,12788.0,TX,Texas,10.25,29.799999999999997
48211,1419.0,40.0,144.0,403.0,12.0,TX,Texas,10.35,35.349999999999994
48213,33039.0,1464.0,3924.0,14389.0,11899.0,TX,Texas,12.9,37.2
48215,482845.0,15431.0,70374.0,269075.0,266912.0,TX,Texas,17.75,44.15
48217,12882.0,588.0,1706.0,1747.0,943.0,TX,Texas,12.05,37.95
48219,9322.0,353.0,1152.0,9110.0,5418.0,TX,Texas,13.25,38.15
48221,15983.0,555.0,1769.0,12224.0,10813.0,TX,Texas,10.350000000000001,33.1
48223,13679.0,460.0,1837.0,10109.0,7613.0,TX,Texas,11.9,37.95
48225,9828.0,664.0,1206.0,9303.0,1315.0,TX,Texas,15.4,38.7
48227,11569.0,693.0,1226.0,11409.0,10726.0,TX,Texas,13.15,39.75
48229,2029.0,34.0,230.0,3463.0,1615.0,TX,Texas,18.2,44.45
48231,34313.0,1936.0,4589.0,12323.0,10857.0,TX,Texas,11.5,40.4
48233,7109.0,349.0,750.0,6720.0,6516.0,TX,Texas,11.6,37.05
48235,407.0,6.0,28.0,1599.0,1003.0,TX,Texas,11.850000000000001,36.4
48237,2749.0,176.0,201.0,4261.0,995.0,TX,Texas,12.15,38.3
48239,4750.0,287.0,670.0,2844.0,0.0,TX,Texas,12.4,36.8
48241,12541.0,576.0,1541.0,5893.0,2996.0,TX,Texas,14.4,39.5
48243,628.0,0.0,71.0,705.0,272.0,TX,Texas,16.85,39.75
48245,93591.0,7692.0,15383.0,61568.0,58417.0,TX,Texas,14.149999999999999,38.75
48247,2722.0,196.0,472.0,1852.0,1852.0,TX,Texas,18.85,43.0
48249,18721.0,989.0,2295.0,8660.0,8169.0,TX,Texas,16.15,42.25
48251,49497.0,1398.0,5890.0,30334.0,29733.0,TX,Texas,10.9,35.7
48253,4909.0,372.0,735.0,5949.0,3469.0,TX,Texas,12.75,39.05
48255,4560.0,241.0,639.0,2332.0,844.0,TX,Texas,13.75,40.2
48257,34897.0,1465.0,4138.0,11032.0,10127.0,TX,Texas,10.649999999999999,36.85
48259,7930.0,422.0,659.0,2882.0,935.0,TX,Texas,9.4,32.5
48261,229.0,15.0,52.0,405.0,103.0,TX,Texas,17.65,43.2
48263,220.0,32.0,36.0,785.0,617.0,TX,Texas,10.85,33.5
48265,17628.0,769.0,2043.0,5856.0,4967.0,TX,Texas,12.100000000000001,34.2
48267,1939.0,89.0,187.0,1112.0,43.0,TX,Texas,13.25,36.3
48269,51.0,0.0,6.0,286.0,273.0,TX,Texas,15.0,40.2
48271,1685.0,56.0,168.0,1674.0,1674.0,TX,Texas,15.95,40.2
48273,13804.0,963.0,1908.0,10795.0,9209.0,TX,Texas,14.399999999999999,39.0
48275,1386.0,46.0,200.0,470.0,75.0,TX,Texas,13.9,38.35
48277,20884.0,1452.0,3053.0,15575.0,6563.0,TX,Texas,12.25,37.6
48279,6520.0,390.0,718.0,3217.0,349.0,TX,Texas,15.5,40.15
48281,5992.0,406.0,837.0,3109.0,817.0,TX,Texas,11.8,39.2
48283,2505.0,97.0,324.0,2006.0,1853.0,TX,Texas,14.8,40.4
48285,6089.0,435.0,635.0,3093.0,594.0,TX,Texas,12.1,36.400000000000006
48287,5630.0,163.0,664.0,2329.0,1473.0,TX,Texas,13.0,37.95
48289,6501.0,279.0,561.0,3452.0,0.0,TX,Texas,13.4,37.95
48291,29597.0,1617.0,4600.0,7030.0,725.0,TX,Texas,12.899999999999999,41.2
48293,10770.0,475.0,1333.0,4223.0,662.0,TX,Texas,13.95,39.35
48295,1083.0,29.0,100.0,3288.0,567.0,TX,Texas,11.65,36.75
48297,4217.0,120.0,318.0,1148.0,2.0,TX,Texas,14.85,39.75
48299,6793.0,302.0,635.0,6662.0,4743.0,TX,Texas,11.95,34.55
48301,19.0,0.0,3.0,82.0,73.0,TX,Texas,9.15,34.349999999999994
48303,114619.0,6243.0,13963.0,50767.0,50273.0,TX,Texas,11.9,39.1
48305,2643.0,146.0,404.0,1993.0,82.0,TX,Texas,14.2,40.25
48307,3282.0,205.0,470.0,3387.0,2299.0,TX,Texas,13.65,38.099999999999994
48309,99706.0,5874.0,11561.0,86484.0,83219.0,TX,Texas,12.15,38.5
48311,174.0,9.0,11.0,682.0,456.0,TX,Texas,16.049999999999997,40.15
48313,3606.0,183.0,519.0,4229.0,685.0,TX,Texas,12.05,38.6
48315,4784.0,212.0,938.0,837.0,0.0,TX,Texas,14.8,39.8
48317,1708.0,0.0,63.0,1028.0,235.0,TX,Texas,11.399999999999999,36.4
48319,1629.0,53.0,141.0,847.0,0.0,TX,Texas,10.850000000000001,33.1
48321,14833.0,824.0,2175.0,12742.0,6893.0,TX,Texas,14.5,40.55
48323,31619.0,1004.0,5095.0,16710.0,15756.0,TX,Texas,17.35,42.650000000000006
48325,13152.0,838.0,1761.0,7351.0,4119.0,TX,Texas,12.4,37.650000000000006
48327,952.0,69.0,106.0,452.0,18.0,TX,Texas,14.0,37.4
48329,37548.0,2020.0,3790.0,34327.0,34081.0,TX,Texas,10.3,35.55
48331,10204.0,471.0,1247.0,6465.0,2078.0,TX,Texas,13.1,37.6
48333,1944.0,92.0,116.0,1219.0,0.0,TX,Texas,11.9,35.75
48335,1804.0,62.0,169.0,4089.0,3863.0,TX,Texas,12.899999999999999,39.05
48337,6673.0,263.0,958.0,2867.0,1142.0,TX,Texas,11.45,36.150000000000006
48339,139506.0,6577.0,13168.0,159086.0,157679.0,TX,Texas,10.350000000000001,34.65
48341,8517.0,302.0,588.0,3899.0,1229.0,TX,Texas,13.15,37.95
48343,4564.0,312.0,806.0,270.0,268.0,TX,Texas,13.3,39.6
48345,549.0,25.0,64.0,223.0,47.0,TX,Texas,12.1,35.900000000000006
48347,27622.0,1726.0,3994.0,14303.0,5350.0,TX,Texas,12.45,40.7
48349,20500.0,1207.0,3203.0,10581.0,5524.0,TX,Texas,13.5,39.05
48351,5853.0,272.0,716.0,4689.0,1.0,TX,Texas,14.85,42.0
48353,6064.0,445.0,675.0,3578.0,2825.0,TX,Texas,14.5,38.95
48355,131892.0,10109.0,21683.0,113047.0,111558.0,TX,Texas,13.3,40.4
48357,4086.0,80.0,309.0,1172.0,701.0,TX,Texas,12.65,38.95
48359,484.0,10.0,34.0,2052.0,1831.0,TX,Texas,11.149999999999999,37.1
48361,26624.0,1849.0,5033.0,26194.0,26194.0,TX,Texas,11.55,37.6
48363,11452.0,706.0,1310.0,19136.0,11471.0,TX,Texas,12.0,39.2
48365,8879.0,369.0,1238.0,5488.0,1435.0,TX,Texas,12.25,40.55
48367,29934.0,1159.0,3288.0,24163.0,20519.0,TX,Texas,9.75,37.400000000000006
48369,3916.0,160.0,307.0,2077.0,1476.0,TX,Texas,13.8,39.2
48371,5395.0,188.0,331.0,6416.0,6076.0,TX,Texas,15.5,41.2
48373,18017.0,1082.0,2825.0,4984.0,0.0,TX,Texas,13.2,41.9
48375,53895.0,3358.0,7091.0,29695.0,29184.0,TX,Texas,14.100000000000001,39.849999999999994
48377,4617.0,251.0,839.0,1910.0,1854.0,TX,Texas,22.1,43.55
48379,3620.0,138.0,425.0,0.0,0.0,TX,Texas,11.6,36.150000000000006
48381,29659.0,1408.0,3089.0,13009.0,12109.0,TX,Texas,9.85,40.0
48383,1223.0,43.0,51.0,214.0,153.0,TX,Texas,12.65,39.5
48385,1645.0,40.0,83.0,3309.0,3212.0,TX,Texas,16.15,39.5
48387,5251.0,276.0,655.0,8435.0,1883.0,TX,Texas,14.2,38.8
48389,4011.0,224.0,448.0,2901.0,2708.0,TX,Texas,15.45,42.45
48391,2667.0,211.0,371.0,1416.0,250.0,TX,Texas,15.25,40.65
48393,203.0,11.0,13.0,849.0,679.0,TX,Texas,10.3,35.05
48395,5757.0,553.0,939.0,4489.0,1225.0,TX,Texas,13.649999999999999,40.0
48397,16313.0,844.0,1209.0,15929.0,15929.0,TX,Texas,8.8,32.75
48399,4225.0,154.0,385.0,4361.0,2727.0,TX,Texas,12.95,37.85
48401,17918.0,858.0,2194.0,14356.0,9329.0,TX,Texas,12.15,38.25
48403,4783.0,178.0,417.0,1642.0,0.0,TX,Texas,14.149999999999999,37.45
48405,3559.0,197.0,600.0,2354.0,0.0,TX,Texas,16.1,40.25
48407,11866.0,247.0,1549.0,1995.0,0.0,TX,Texas,13.5,38.1
48409,25649.0,1614.0,3537.0,19876.0,19860.0,TX,Texas,13.95,42.0
48411,2292.0,118.0,181.0,2286.0,528.0,TX,Texas,12.95,37.5
48413,910.0,42.0,63.0,369.0,101.0,TX,Texas,12.95,37.5
48415,5473.0,298.0,398.0,1696.0,821.0,TX,Texas,12.95,37.35
48417,1140.0,49.0,116.0,494.0,0.0,TX,Texas,10.4,34.05
48419,11939.0,549.0,1679.0,4549.0,1298.0,TX,Texas,14.45,40.650000000000006
48421,1162.0,24.0,30.0,832.0,6.0,TX,Texas,12.4,36.75
48423,84586.0,3150.0,9038.0,42437.0,42416.0,TX,Texas,11.95,35.85
48425,2800.0,53.0,498.0,0.0,0.0,TX,Texas,10.55,35.25
48427,40279.0,1583.0,6685.0,20662.0,19280.0,TX,Texas,19.45,43.75
48429,3869.0,175.0,426.0,2658.0,2050.0,TX,Texas,11.8,36.2
48431,396.0,3.0,21.0,1143.0,1143.0,TX,Texas,10.8,36.6
48433,505.0,33.0,42.0,229.0,0.0,TX,Texas,12.649999999999999,36.65
48435,1069.0,59.0,82.0,792.0,792.0,TX,Texas,14.649999999999999,39.2
48437,3587.0,176.0,366.0,2500.0,471.0,TX,Texas,15.8,42.25
48439,624745.0,30765.0,75770.0,543743.0,543743.0,TX,Texas,11.15,35.0
48441,49107.0,2687.0,6814.0,32681.0,31950.0,TX,Texas,10.850000000000001,33.95
48443,358.0,25.0,6.0,984.0,984.0,TX,Texas,16.700000000000003,38.900000000000006
48445,5386.0,267.0,837.0,5421.0,4101.0,TX,Texas,16.05,43.65
48447,500.0,21.0,46.0,1641.0,1071.0,TX,Texas,12.4,36.400000000000006
48449,15420.0,475.0,1740.0,10436.0,8811.0,TX,Texas,13.8,40.0
48451,37862.0,2652.0,4212.0,33761.0,29279.0,TX,Texas,11.2,37.05
48453,340851.0,24407.0,36174.0,270569.0,270495.0,TX,Texas,8.95,28.2
48455,6229.0,359.0,755.0,2209.0,1750.0,TX,Texas,14.049999999999999,39.150000000000006
48457,6370.0,473.0,1216.0,9827.0,969.0,TX,Texas,13.05,39.65
48459,13363.0,563.0,1899.0,2946.0,1608.0,TX,Texas,12.35,36.4
48461,1279.0,78.0,80.0,1121.0,231.0,TX,Texas,13.7,39.45
48463,14451.0,564.0,1693.0,11929.0,8887.0,TX,Texas,14.9,39.7
48465,21709.0,1020.0,3180.0,24866.0,24505.0,TX,Texas,15.95,40.1
48467,18399.0,801.0,2331.0,16477.0,13727.0,TX,Texas,11.65,35.6
48469,32701.0,1928.0,3914.0,20624.0,12287.0,TX,Texas,13.100000000000001,40.95
48471,22559.0,972.0,1339.0,8911.0,5978.0,TX,Texas,12.95,37.75
48473,17415.0,534.0,1900.0,7596.0,7072.0,TX,Texas,11.0,36.85
48475,3854.0,237.0,380.0,880.0,221.0,TX,Texas,13.9,39.8
48477,11053.0,647.0,971.0,7228.0,5726.0,TX,Texas,11.7,36.4
48479,152916.0,4946.0,20631.0,46197.0,44436.0,TX,Texas,16.4,44.0
48481,17050.0,918.0,2295.0,5564.0,4074.0,TX,Texas,13.75,38.900000000000006
48483,2201.0,80.0,233.0,620.0,0.0,TX,Texas,13.3,38.95
48485,46126.0,3226.0,6839.0,45437.0,45245.0,TX,Texas,11.75,36.349999999999994
48487,5517.0,370.0,833.0,5232.0,4587.0,TX,Texas,15.1,40.75
48489,12220.0,341.0,1234.0,9558.0,9288.0,TX,Texas,17.75,44.7
48491,98379.0,4323.0,8274.0,202195.0,196748.0,TX,Texas,8.95,32.35
48493,12041.0,514.0,1276.0,2222.0,1311.0,TX,Texas,11.55,36.3
48495,2689.0,154.0,255.0,421.0,405.0,TX,Texas,13.05,39.25
48497,20084.0,698.0,2207.0,5827.0,3543.0,TX,Texas,10.7,36.75
48499,15838.0,647.0,1741.0,9133.0,7382.0,TX,Texas,12.149999999999999,37.65
48501,2074.0,96.0,133.0,2031.0,1865.0,TX,Texas,13.0,38.75
48503,6489.0,289.0,734.0,5591.0,4013.0,TX,Texas,11.5,36.0
48505,9029.0,348.0,1470.0,2353.0,808.0,TX,Texas,19.1,43.45
48507,7886.0,506.0,1280.0,3689.0,1550.0,TX,Texas,19.3,44.5
49001,1918.0,51.0,195.0,954.0,4.0,UT,Utah,9.1,32.8
49003,16516.0,786.0,1308.0,8393.0,7240.0,UT,Utah,8.85,34.849999999999994
49005,43697.0,1285.0,2820.0,37527.0,36594.0,UT,Utah,8.25,31.599999999999998
49007,7202.0,426.0,1034.0,5557.0,5051.0,UT,Utah,10.65,38.900000000000006
49009,76.0,7.0,0.0,1059.0,1059.0,UT,Utah,10.0,34.35
49011,66467.0,3098.0,5881.0,96729.0,96729.0,UT,Utah,7.6,33.25
49013,6311.0,198.0,739.0,4472.0,3112.0,UT,Utah,10.35,33.55
49015,3341.0,129.0,295.0,3744.0,3238.0,UT,Utah,10.6,37.55
49017,1924.0,40.0,79.0,3102.0,2516.0,UT,Utah,10.6,33.75
49019,3724.0,177.0,309.0,740.0,638.0,UT,Utah,10.149999999999999,31.299999999999997
49021,21267.0,669.0,1751.0,18344.0,17043.0,UT,Utah,10.2,37.0
49023,3176.0,96.0,182.0,4764.0,3106.0,UT,Utah,8.6,36.95
49025,2241.0,72.0,108.0,3541.0,2658.0,UT,Utah,10.1,31.4
49027,4224.0,162.0,374.0,2714.0,243.0,UT,Utah,10.2,34.05
49029,2037.0,17.0,72.0,34.0,0.0,UT,Utah,7.25,30.700000000000003
49031,898.0,7.0,42.0,1556.0,971.0,UT,Utah,13.15,35.75
49033,785.0,3.0,17.0,2264.0,2174.0,UT,Utah,9.75,33.6
49035,291996.0,19253.0,25766.0,117992.0,117992.0,UT,Utah,8.85,30.8
49037,7237.0,286.0,607.0,7365.0,5511.0,UT,Utah,14.55,36.7
49039,11430.0,152.0,747.0,5768.0,4004.0,UT,Utah,9.1,33.95
49041,8066.0,128.0,804.0,651.0,237.0,UT,Utah,9.85,36.95
49043,6607.0,289.0,175.0,11489.0,8508.0,UT,Utah,7.4,23.3
49045,16936.0,940.0,1783.0,15006.0,14187.0,UT,Utah,8.95,38.5
49047,10912.0,361.0,1063.0,8019.0,6042.0,UT,Utah,9.9,38.8
49049,172679.0,4300.0,10082.0,175502.0,174845.0,UT,Utah,8.05,30.0
49051,6151.0,174.0,234.0,10128.0,10128.0,UT,Utah,7.8,28.2
49053,54571.0,2130.0,4599.0,49226.0,46973.0,UT,Utah,9.25,32.05
49055,864.0,26.0,84.0,1074.0,345.0,UT,Utah,10.25,31.75
49057,70247.0,4226.0,7872.0,61617.0,61467.0,UT,Utah,9.05,33.349999999999994
50001,7714.0,674.0,1494.0,2295.0,2292.0,VT,Vermont,7.449999999999999,28.25
50003,10776.0,1282.0,2177.0,3060.0,2831.0,VT,Vermont,8.600000000000001,30.950000000000003
50005,9934.0,864.0,1873.0,1804.0,0.0,VT,Vermont,9.15,31.8
50007,38157.0,4790.0,6134.0,21794.0,21794.0,VT,Vermont,6.75,26.65
50009,2368.0,128.0,447.0,1781.0,0.0,VT,Vermont,10.649999999999999,35.55
50011,10571.0,1002.0,2456.0,4399.0,4108.0,VT,Vermont,8.25,33.3
50013,1291.0,90.0,229.0,188.0,0.0,VT,Vermont,7.949999999999999,27.2
50015,7941.0,493.0,1350.0,224.0,0.0,VT,Vermont,8.0,27.799999999999997
50017,8237.0,604.0,1460.0,2826.0,0.0,VT,Vermont,8.600000000000001,29.35
50019,9576.0,959.0,1836.0,2756.0,0.0,VT,Vermont,8.9,30.1
50021,16182.0,1933.0,2844.0,11171.0,9379.0,VT,Vermont,8.35,30.299999999999997
50023,15008.0,1946.0,2954.0,10524.0,9487.0,VT,Vermont,7.8,26.700000000000003
50025,13390.0,1295.0,3021.0,4092.0,4083.0,VT,Vermont,8.35,27.85
50027,14968.0,1200.0,2826.0,2944.0,2944.0,VT,Vermont,8.5,30.299999999999997
51001,14271.0,1352.0,1920.0,727.0,0.0,VA,Virginia,14.450000000000001,40.0
51003,21693.0,1887.0,1844.0,11786.0,11450.0,VA,Virginia,8.7,28.25
51005,5780.0,424.0,909.0,2664.0,1914.0,VA,Virginia,12.05,37.75
51007,4113.0,158.0,509.0,2089.0,0.0,VA,Virginia,12.8,39.85
51009,10185.0,652.0,1128.0,3663.0,2762.0,VA,Virginia,11.850000000000001,36.4
51011,4805.0,305.0,914.0,1108.0,0.0,VA,Virginia,11.9,39.95
51013,34479.0,13209.0,3464.0,4799.0,4799.0,VA,Virginia,7.3,23.95
51015,19052.0,1235.0,2188.0,21638.0,19909.0,VA,Virginia,10.7,36.45
51017,1901.0,55.0,188.0,1005.0,0.0,VA,Virginia,13.8,40.7
51019,18354.0,1068.0,2114.0,6554.0,4955.0,VA,Virginia,10.05,35.85
51021,1510.0,99.0,254.0,1333.0,0.0,VA,Virginia,11.2,36.05
51023,7387.0,493.0,567.0,15169.0,9392.0,VA,Virginia,10.05,32.8
51025,6357.0,592.0,1359.0,5758.0,4293.0,VA,Virginia,15.45,44.099999999999994
51027,11018.0,646.0,1765.0,455.0,0.0,VA,Virginia,14.350000000000001,40.6
51029,5933.0,356.0,861.0,2233.0,0.0,VA,Virginia,14.25,41.0
51031,17348.0,1239.0,2326.0,4443.0,4093.0,VA,Virginia,11.35,33.7
51033,6976.0,521.0,1077.0,1512.0,0.0,VA,Virginia,11.45,37.75
51035,10345.0,589.0,1407.0,1538.0,0.0,VA,Virginia,12.25,37.150000000000006
51036,2118.0,177.0,304.0,167.0,0.0,VA,Virginia,15.35,41.05
51037,5360.0,415.0,756.0,4244.0,0.0,VA,Virginia,14.2,42.45
51041,64759.0,3667.0,7882.0,149379.0,149375.0,VA,Virginia,9.899999999999999,36.0
51043,3009.0,296.0,237.0,53.0,0.0,VA,Virginia,10.0,33.95
51045,1321.0,147.0,281.0,613.0,0.0,VA,Virginia,11.0,37.75
51047,12602.0,851.0,1612.0,5577.0,5110.0,VA,Virginia,10.65,39.7
51049,3300.0,344.0,816.0,5576.0,0.0,VA,Virginia,12.2,40.5
51051,7340.0,635.0,1290.0,0.0,0.0,VA,Virginia,13.65,38.35
51053,9002.0,459.0,1306.0,7559.0,4019.0,VA,Virginia,12.15,42.55
51057,3824.0,201.0,559.0,4917.0,3178.0,VA,Virginia,15.0,43.95
51059,172123.0,17120.0,15569.0,195193.0,195193.0,VA,Virginia,8.649999999999999,24.6
51061,9282.0,614.0,1027.0,8906.0,8566.0,VA,Virginia,9.15,34.0
51063,5770.0,257.0,548.0,4208.0,0.0,VA,Virginia,10.8,31.950000000000003
51065,3685.0,272.0,237.0,7430.0,7430.0,VA,Virginia,9.649999999999999,37.3
51067,19222.0,1061.0,2440.0,10967.0,5479.0,VA,Virginia,11.55,36.3
51069,16646.0,1066.0,1387.0,26374.0,21688.0,VA,Virginia,9.9,33.55
51071,5226.0,372.0,515.0,180.0,0.0,VA,Virginia,11.05,35.6
51073,7985.0,599.0,1036.0,2042.0,2042.0,VA,Virginia,10.2,35.35
51075,3633.0,159.0,450.0,1996.0,0.0,VA,Virginia,9.55,33.8
51077,6745.0,412.0,863.0,2810.0,0.0,VA,Virginia,13.1,36.6
51079,5641.0,208.0,549.0,5080.0,5080.0,VA,Virginia,10.1,34.2
51081,3754.0,288.0,691.0,83.0,0.0,VA,Virginia,14.850000000000001,45.95
51083,12489.0,1086.0,1814.0,10756.0,4068.0,VA,Virginia,14.9,43.85
51085,14632.0,950.0,1654.0,25219.0,25219.0,VA,Virginia,9.05,32.0
51087,73555.0,7151.0,9639.0,82628.0,82628.0,VA,Virginia,11.05,36.7
51089,23727.0,1637.0,4053.0,15505.0,15227.0,VA,Virginia,14.8,41.8
51091,743.0,81.0,73.0,2313.0,587.0,VA,Virginia,11.85,34.4
51093,8499.0,631.0,1559.0,9247.0,9240.0,VA,Virginia,11.45,38.15
51095,13281.0,1000.0,1203.0,31314.0,31314.0,VA,Virginia,9.850000000000001,33.35
51097,2711.0,86.0,259.0,733.0,0.0,VA,Virginia,13.2,39.7
51099,4743.0,332.0,793.0,2472.0,2472.0,VA,Virginia,9.95,36.55
51101,3876.0,156.0,416.0,2166.0,1481.0,VA,Virginia,10.4,39.2
51103,3616.0,364.0,486.0,368.0,0.0,VA,Virginia,13.100000000000001,36.55
51105,11365.0,989.0,2248.0,1.0,0.0,VA,Virginia,14.0,42.5
51107,41027.0,3054.0,3545.0,51730.0,51713.0,VA,Virginia,8.35,30.1
51109,10627.0,679.0,1583.0,765.0,0.0,VA,Virginia,11.45,35.900000000000006
51111,5204.0,309.0,751.0,6.0,0.0,VA,Virginia,15.1,42.7
51113,4686.0,206.0,493.0,90.0,0.0,VA,Virginia,11.600000000000001,37.55
51115,2153.0,107.0,348.0,0.0,0.0,VA,Virginia,11.65,36.75
51117,12839.0,1106.0,1509.0,7119.0,5050.0,VA,Virginia,14.45,40.05
51119,2740.0,272.0,472.0,117.0,0.0,VA,Virginia,12.25,36.25
51121,33880.0,1815.0,2344.0,19082.0,18967.0,VA,Virginia,9.149999999999999,30.15
51125,4348.0,435.0,690.0,933.0,0.0,VA,Virginia,11.85,37.2
51127,2788.0,166.0,453.0,0.0,0.0,VA,Virginia,9.4,36.1
51131,4498.0,498.0,817.0,0.0,0.0,VA,Virginia,13.95,37.099999999999994
51133,3783.0,202.0,370.0,1150.0,0.0,VA,Virginia,13.15,37.85
51135,6476.0,385.0,1464.0,6435.0,0.0,VA,Virginia,14.35,39.6
51137,9645.0,482.0,1007.0,11310.0,9792.0,VA,Virginia,10.7,36.849999999999994
51139,9349.0,402.0,1289.0,0.0,0.0,VA,Virginia,11.45,38.4
51141,7017.0,356.0,1150.0,1676.0,0.0,VA,Virginia,11.9,32.95
51143,23891.0,1401.0,3841.0,10482.0,6182.0,VA,Virginia,14.4,41.849999999999994
51145,4056.0,139.0,304.0,1701.0,0.0,VA,Virginia,9.35,34.150000000000006
51147,8259.0,503.0,913.0,4152.0,1603.0,VA,Virginia,12.65,39.7
51149,8081.0,528.0,855.0,12127.0,10930.0,VA,Virginia,11.7,42.5
51153,84550.0,3514.0,7391.0,112086.0,112086.0,VA,Virginia,9.95,36.0
51155,10343.0,1014.0,1796.0,3900.0,3891.0,VA,Virginia,11.149999999999999,37.8
51157,1589.0,89.0,144.0,1515.0,0.0,VA,Virginia,10.5,34.6
51159,2800.0,243.0,497.0,297.0,0.0,VA,Virginia,13.6,38.7
51161,18728.0,1783.0,2331.0,20488.0,20363.0,VA,Virginia,9.45,34.45
51163,7715.0,290.0,891.0,4456.0,0.0,VA,Virginia,10.85,34.3
51165,20898.0,1852.0,1968.0,7541.0,6253.0,VA,Virginia,10.45,36.8
51167,11677.0,665.0,1809.0,481.0,0.0,VA,Virginia,12.65,40.25
51169,8671.0,680.0,1467.0,3602.0,1818.0,VA,Virginia,12.5,37.2
51171,13792.0,1076.0,1793.0,3809.0,3690.0,VA,Virginia,11.2,37.9
51173,13074.0,1196.0,2212.0,1226.0,1024.0,VA,Virginia,12.350000000000001,39.849999999999994
51175,4533.0,438.0,1060.0,4041.0,0.0,VA,Virginia,12.600000000000001,38.0
51177,26889.0,1436.0,3258.0,31176.0,31158.0,VA,Virginia,10.0,36.099999999999994
51179,20466.0,915.0,2200.0,43077.0,43077.0,VA,Virginia,9.25,37.75
51181,2154.0,193.0,378.0,2115.0,0.0,VA,Virginia,14.8,42.099999999999994
51183,3297.0,313.0,673.0,6464.0,0.0,VA,Virginia,13.8,42.25
51185,16353.0,1326.0,2805.0,8710.0,8673.0,VA,Virginia,12.55,36.4
51187,9881.0,758.0,1432.0,7859.0,7859.0,VA,Virginia,10.3,36.45
51191,18717.0,1069.0,2662.0,3816.0,3734.0,VA,Virginia,10.75,37.349999999999994
51193,5776.0,495.0,926.0,0.0,0.0,VA,Virginia,13.9,38.650000000000006
51195,16751.0,1521.0,3394.0,7891.0,7891.0,VA,Virginia,12.149999999999999,43.5
51197,10422.0,875.0,1522.0,3105.0,2958.0,VA,Virginia,11.45,39.8
51199,10137.0,542.0,820.0,22516.0,22516.0,VA,Virginia,9.0,33.75
51510,33825.0,6410.0,3083.0,0.0,0.0,VA,Virginia,9.0,30.95
51520,7786.0,832.0,1569.0,4518.0,4518.0,VA,Virginia,12.1,38.95
51530,3140.0,117.0,341.0,6378.0,6378.0,VA,Virginia,12.100000000000001,37.5
51540,17730.0,2181.0,1802.0,3536.0,3536.0,VA,Virginia,10.149999999999999,31.45
51550,49309.0,3281.0,6062.0,53632.0,53626.0,VA,Virginia,11.05,36.35
51570,6068.0,432.0,726.0,3951.0,3951.0,VA,Virginia,10.2,37.599999999999994
51580,2019.0,191.0,402.0,1469.0,1469.0,VA,Virginia,12.95,39.9
51590,19153.0,2979.0,4454.0,5788.0,5788.0,VA,Virginia,16.25,44.65
51595,2825.0,423.0,589.0,199.0,199.0,VA,Virginia,18.85,46.95
51600,4014.0,538.0,226.0,2426.0,2426.0,VA,Virginia,9.45,28.65
51610,877.0,243.0,75.0,0.0,0.0,VA,Virginia,7.4,31.25
51620,3680.0,348.0,743.0,5450.0,5450.0,VA,Virginia,15.9,43.75
51630,6770.0,828.0,1367.0,3910.0,3910.0,VA,Virginia,9.7,35.05
51640,3120.0,357.0,502.0,541.0,541.0,VA,Virginia,13.1,39.45
51650,42742.0,4747.0,6530.0,34294.0,34294.0,VA,Virginia,12.95,42.2
51660,22907.0,1520.0,2242.0,1924.0,1924.0,VA,Virginia,11.2,35.45
51670,10290.0,792.0,2098.0,8585.0,8585.0,VA,Virginia,15.45,45.5
51678,1560.0,189.0,140.0,415.0,415.0,VA,Virginia,8.65,32.9
51680,30574.0,3377.0,4024.0,15163.0,15163.0,VA,Virginia,10.8,36.45
51683,10945.0,489.0,1210.0,4224.0,4224.0,VA,Virginia,10.65,34.95
51685,4467.0,194.0,350.0,5783.0,5783.0,VA,Virginia,11.55,37.35
51690,6012.0,777.0,1394.0,4053.0,4053.0,VA,Virginia,15.85,44.650000000000006
51700,61298.0,7369.0,9637.0,41989.0,41989.0,VA,Virginia,13.149999999999999,45.35
51710,87440.0,10931.0,13515.0,49967.0,49967.0,VA,Virginia,11.55,40.05
51720,1898.0,224.0,629.0,1568.0,1568.0,VA,Virginia,12.8,40.1
51730,16281.0,2506.0,3332.0,15171.0,15171.0,VA,Virginia,17.55,45.9
51735,1664.0,187.0,98.0,7896.0,7896.0,VA,Virginia,8.55,31.950000000000003
51740,35324.0,4114.0,5529.0,22066.0,22066.0,VA,Virginia,14.9,47.5
51750,7236.0,459.0,608.0,7104.0,7104.0,VA,Virginia,10.5,36.35
51760,95275.0,15181.0,14305.0,43068.0,43068.0,VA,Virginia,12.25,32.85
51770,41826.0,5749.0,7777.0,18140.0,18140.0,VA,Virginia,12.899999999999999,40.95
51775,5793.0,677.0,645.0,5805.0,5805.0,VA,Virginia,9.65,35.5
51790,7930.0,692.0,815.0,522.0,522.0,VA,Virginia,10.7,35.75
51800,21924.0,2271.0,4280.0,18968.0,18809.0,VA,Virginia,11.5,42.599999999999994
51810,92476.0,6906.0,10751.0,76784.0,76460.0,VA,Virginia,9.95,31.5
51820,8710.0,769.0,1581.0,3490.0,3490.0,VA,Virginia,11.7,39.150000000000006
51830,3922.0,420.0,285.0,2740.0,2740.0,VA,Virginia,9.65,32.4
51840,9369.0,939.0,1030.0,6660.0,6660.0,VA,Virginia,10.8,37.7
53001,9735.0,350.0,1153.0,7812.0,6472.0,WA,Washington,12.8,39.05
53003,7824.0,403.0,1500.0,2993.0,2610.0,WA,Washington,10.55,34.2
53005,58060.0,3277.0,9579.0,40006.0,39714.0,WA,Washington,9.1,32.6
53007,24440.0,1580.0,2527.0,13083.0,9665.0,WA,Washington,9.6,30.799999999999997
53009,25782.0,2122.0,4710.0,27281.0,23164.0,WA,Washington,10.35,30.0
53011,114645.0,7772.0,23116.0,92398.0,92253.0,WA,Washington,8.649999999999999,32.1
53013,1282.0,149.0,221.0,2004.0,2004.0,WA,Washington,10.25,32.85
53015,37108.0,3046.0,9178.0,25936.0,24858.0,WA,Washington,9.8,37.05
53017,14576.0,609.0,1887.0,21312.0,17834.0,WA,Washington,10.3,32.6
53019,3280.0,164.0,599.0,3670.0,1427.0,WA,Washington,13.05,35.55
53021,33432.0,990.0,4924.0,24696.0,23466.0,WA,Washington,10.7,36.55
53023,679.0,15.0,86.0,281.0,7.0,WA,Washington,10.15,40.349999999999994
53025,39540.0,1440.0,5647.0,23007.0,18223.0,WA,Washington,10.75,36.5
53027,27106.0,1975.0,5877.0,12145.0,9678.0,WA,Washington,11.350000000000001,34.849999999999994
53029,18963.0,1260.0,3154.0,8980.0,8980.0,WA,Washington,9.05,30.5
53031,9307.0,610.0,1352.0,5734.0,3138.0,WA,Washington,9.95,30.9
53033,442407.0,87191.0,78104.0,323091.0,322429.0,WA,Washington,7.199999999999999,23.450000000000003
53035,58269.0,5515.0,11336.0,102155.0,101937.0,WA,Washington,9.0,32.25
53037,14462.0,701.0,2013.0,9596.0,7425.0,WA,Washington,8.8,29.85
53039,8091.0,352.0,1500.0,2397.0,477.0,WA,Washington,10.25,30.85
53041,27141.0,1791.0,6114.0,12195.0,7221.0,WA,Washington,10.15,35.349999999999994
53043,3097.0,89.0,549.0,4165.0,530.0,WA,Washington,10.05,32.1
53045,21535.0,839.0,4149.0,8008.0,7136.0,WA,Washington,10.35,34.6
53047,19042.0,781.0,3559.0,5606.0,1816.0,WA,Washington,12.1,31.65
53049,8316.0,590.0,2003.0,2407.0,1506.0,WA,Washington,11.600000000000001,35.150000000000006
53051,4887.0,286.0,1099.0,3348.0,20.0,WA,Washington,10.45,33.05
53053,225390.0,17215.0,43327.0,268036.0,267182.0,WA,Washington,9.7,33.9
53055,4531.0,335.0,447.0,0.0,0.0,WA,Washington,8.9,23.95
53057,35661.0,2239.0,6849.0,33189.0,31606.0,WA,Washington,9.2,29.799999999999997
53059,3435.0,260.0,561.0,468.0,36.0,WA,Washington,9.8,29.65
53061,154509.0,14096.0,29446.0,167836.0,167239.0,WA,Washington,8.45,32.599999999999994
53063,160488.0,14401.0,33586.0,78647.0,75059.0,WA,Washington,9.3,29.45
53065,16251.0,775.0,3024.0,15664.0,7074.0,WA,Washington,10.5,32.1
53067,69429.0,5245.0,12753.0,84272.0,84271.0,WA,Washington,9.25,32.4
53069,996.0,22.0,279.0,603.0,0.0,WA,Washington,11.2,34.35
53071,18652.0,1637.0,2996.0,13933.0,11224.0,WA,Washington,9.55,33.2
53073,68232.0,6103.0,11066.0,55783.0,52669.0,WA,Washington,8.3,24.9
53075,18937.0,1515.0,1787.0,12768.0,8540.0,WA,Washington,8.399999999999999,32.75
53077,114013.0,4425.0,18554.0,36308.0,31887.0,WA,Washington,12.3,39.55
54001,7110.0,674.0,1135.0,1893.0,1767.0,WV,West Virginia,14.25,40.45
54003,33119.0,2166.0,5446.0,40419.0,40419.0,WV,West Virginia,11.7,39.400000000000006
54005,10507.0,1061.0,2440.0,1632.0,0.0,WV,West Virginia,14.15,41.65
54007,6010.0,518.0,1171.0,2651.0,0.0,WV,West Virginia,15.8,40.95
54009,6910.0,803.0,1291.0,4067.0,4067.0,WV,West Virginia,12.55,40.2
54011,38248.0,4806.0,6600.0,8014.0,7859.0,WV,West Virginia,12.8,41.8
54013,3468.0,232.0,792.0,1843.0,0.0,WV,West Virginia,16.6,44.400000000000006
54015,4448.0,273.0,993.0,1722.0,0.0,WV,West Virginia,15.15,45.099999999999994
54017,2747.0,118.0,359.0,347.0,0.0,WV,West Virginia,13.2,39.6
54019,18282.0,1491.0,3597.0,5553.0,5104.0,WV,West Virginia,14.2,42.2
54021,3025.0,212.0,422.0,7095.0,7095.0,WV,West Virginia,12.8,42.3
54023,4557.0,376.0,567.0,1832.0,0.0,WV,West Virginia,13.5,41.349999999999994
54025,14468.0,1323.0,2357.0,7505.0,4892.0,WV,West Virginia,14.7,39.5
54027,9489.0,600.0,1488.0,6723.0,0.0,WV,West Virginia,13.649999999999999,36.7
54029,10376.0,1134.0,1846.0,15403.0,15403.0,WV,West Virginia,13.25,41.8
54031,5592.0,277.0,545.0,2218.0,0.0,WV,West Virginia,14.7,41.0
54033,22690.0,2187.0,3929.0,8660.0,8660.0,WV,West Virginia,13.1,37.55
54035,9812.0,882.0,1626.0,5184.0,3188.0,WV,West Virginia,13.399999999999999,43.3
54037,13231.0,780.0,2452.0,15240.0,15240.0,WV,West Virginia,11.45,36.55
54039,67661.0,8232.0,12330.0,53410.0,52987.0,WV,West Virginia,13.6,39.9
54041,7177.0,536.0,1318.0,1535.0,892.0,WV,West Virginia,13.4,39.599999999999994
54043,10332.0,908.0,1930.0,646.0,0.0,WV,West Virginia,15.3,44.75
54045,15261.0,1548.0,3348.0,2498.0,2497.0,WV,West Virginia,15.45,46.75
54047,10905.0,1077.0,2530.0,733.0,0.0,WV,West Virginia,17.85,43.7
54049,20732.0,1688.0,3655.0,9731.0,9683.0,WV,West Virginia,12.9,38.35
54051,11785.0,944.0,1466.0,3820.0,3819.0,WV,West Virginia,13.4,40.5
54053,11275.0,987.0,1853.0,4907.0,3644.0,WV,West Virginia,13.75,46.3
54055,27036.0,2507.0,5664.0,18719.0,18284.0,WV,West Virginia,14.95,44.3
54057,9916.0,1023.0,1195.0,4264.0,4121.0,WV,West Virginia,12.350000000000001,34.3
54059,13286.0,1454.0,3422.0,2669.0,2219.0,WV,West Virginia,16.25,42.25
54061,36761.0,3186.0,3697.0,20304.0,17797.0,WV,West Virginia,10.1,33.7
54063,5818.0,372.0,963.0,5355.0,0.0,WV,West Virginia,13.600000000000001,39.349999999999994
54065,5715.0,340.0,955.0,1774.0,0.0,WV,West Virginia,12.75,41.5
54067,10676.0,939.0,2142.0,2206.0,0.0,WV,West Virginia,14.05,44.2
54069,13739.0,2044.0,2250.0,9364.0,9364.0,WV,West Virginia,12.25,38.95
54071,2942.0,158.0,383.0,3713.0,0.0,WV,West Virginia,14.2,41.65
54073,2555.0,185.0,416.0,0.0,0.0,WV,West Virginia,11.95,43.95
54075,3508.0,258.0,488.0,4158.0,568.0,WV,West Virginia,15.3,41.2
54077,11503.0,757.0,2011.0,8344.0,1577.0,WV,West Virginia,12.649999999999999,43.65
54079,13935.0,819.0,1945.0,10063.0,9752.0,WV,West Virginia,11.95,44.400000000000006
54081,30686.0,2616.0,6285.0,30418.0,28560.0,WV,West Virginia,14.45,39.95
54083,11237.0,1054.0,1911.0,2554.0,203.0,WV,West Virginia,12.8,39.6
54085,3782.0,215.0,601.0,1120.0,0.0,WV,West Virginia,14.0,43.15
54087,6936.0,492.0,1301.0,3503.0,1355.0,WV,West Virginia,15.600000000000001,43.55
54089,5440.0,467.0,1391.0,3086.0,545.0,WV,West Virginia,14.75,41.95
54091,6045.0,517.0,1152.0,0.0,0.0,WV,West Virginia,13.3,41.05
54093,2533.0,247.0,397.0,205.0,0.0,WV,West Virginia,12.65,36.5
54095,3346.0,185.0,374.0,120.0,0.0,WV,West Virginia,13.1,41.85
54097,10121.0,737.0,1503.0,1952.0,1812.0,WV,West Virginia,13.35,41.8
54099,17763.0,1696.0,3182.0,12080.0,11454.0,WV,West Virginia,13.7,45.349999999999994
54101,4534.0,555.0,1085.0,461.0,0.0,WV,West Virginia,15.700000000000001,41.5
54103,6726.0,454.0,861.0,6602.0,5320.0,WV,West Virginia,13.15,40.849999999999994
54105,2800.0,166.0,488.0,86.0,0.0,WV,West Virginia,14.5,42.8
54107,32762.0,3436.0,6156.0,25921.0,25243.0,WV,West Virginia,13.149999999999999,40.0
54109,10292.0,871.0,2239.0,3.0,0.0,WV,West Virginia,15.25,43.65
55001,7383.0,379.0,1533.0,2071.0,0.0,WI,Wisconsin,11.25,38.4
55003,6091.0,615.0,1292.0,4599.0,861.0,WI,Wisconsin,10.399999999999999,38.25
55005,15591.0,1129.0,2697.0,8153.0,6458.0,WI,Wisconsin,9.85,36.0
55007,4954.0,233.0,772.0,4532.0,464.0,WI,Wisconsin,10.0,36.25
55009,70112.0,5725.0,10239.0,61900.0,61900.0,WI,Wisconsin,8.5,35.9
55011,3511.0,283.0,466.0,3166.0,0.0,WI,Wisconsin,9.05,37.1
55013,5209.0,265.0,937.0,1518.0,0.0,WI,Wisconsin,10.8,36.1
55015,9078.0,659.0,932.0,12366.0,12357.0,WI,Wisconsin,7.949999999999999,34.3
55017,17888.0,1239.0,2623.0,13750.0,13073.0,WI,Wisconsin,8.9,34.15
55019,12455.0,1226.0,1152.0,6380.0,0.0,WI,Wisconsin,10.0,37.0
55021,12440.0,1193.0,2557.0,11782.0,11766.0,WI,Wisconsin,8.3,35.599999999999994
55023,5036.0,414.0,903.0,3977.0,3728.0,WI,Wisconsin,10.0,37.4
55025,122839.0,16088.0,17416.0,121472.0,121421.0,WI,Wisconsin,7.0,27.65
55027,21426.0,1761.0,3539.0,10637.0,10637.0,WI,Wisconsin,8.6,36.15
55029,6166.0,490.0,1075.0,4080.0,3438.0,WI,Wisconsin,9.05,34.2
55031,12759.0,1382.0,2484.0,13309.0,7834.0,WI,Wisconsin,8.75,35.75
55033,13570.0,808.0,1900.0,8418.0,5656.0,WI,Wisconsin,8.2,35.150000000000006
55035,30129.0,2546.0,4438.0,31626.0,31231.0,WI,Wisconsin,7.85,31.2
55037,1382.0,100.0,275.0,528.0,0.0,WI,Wisconsin,10.1,37.1
55039,25271.0,2580.0,3969.0,21095.0,20387.0,WI,Wisconsin,8.45,40.1
55041,3216.0,189.0,661.0,3548.0,155.0,WI,Wisconsin,11.0,39.8
55043,15838.0,1062.0,1874.0,6134.0,3180.0,WI,Wisconsin,8.8,33.650000000000006
55045,9092.0,616.0,1482.0,4487.0,4309.0,WI,Wisconsin,8.45,37.55
55047,6006.0,571.0,864.0,1586.0,1287.0,WI,Wisconsin,10.05,36.9
55049,5339.0,369.0,1014.0,2037.0,486.0,WI,Wisconsin,8.4,33.900000000000006
55051,2115.0,185.0,442.0,597.0,0.0,WI,Wisconsin,10.65,36.25
55053,6610.0,520.0,1057.0,6807.0,1263.0,WI,Wisconsin,9.95,37.4
55055,20170.0,1239.0,3034.0,7996.0,7996.0,WI,Wisconsin,7.949999999999999,33.25
55057,8533.0,348.0,1420.0,6777.0,1383.0,WI,Wisconsin,10.35,38.599999999999994
55059,49377.0,4184.0,9043.0,47555.0,47555.0,WI,Wisconsin,8.850000000000001,37.25
55061,4630.0,394.0,614.0,86.0,86.0,WI,Wisconsin,8.55,35.05
55063,33467.0,2737.0,4096.0,23874.0,23335.0,WI,Wisconsin,8.1,34.25
55065,5052.0,347.0,710.0,2579.0,0.0,WI,Wisconsin,9.15,33.9
55067,6173.0,520.0,1395.0,6211.0,1366.0,WI,Wisconsin,10.45,42.2
55069,7005.0,662.0,1282.0,3757.0,1701.0,WI,Wisconsin,9.15,37.2
55071,22560.0,2090.0,3393.0,17545.0,17289.0,WI,Wisconsin,9.05,35.6
55073,35135.0,2723.0,5251.0,31131.0,26690.0,WI,Wisconsin,8.55,34.05
55075,14095.0,1017.0,2316.0,7903.0,3252.0,WI,Wisconsin,9.6,36.349999999999994
55077,4744.0,273.0,821.0,269.0,0.0,WI,Wisconsin,10.100000000000001,35.35
55078,2293.0,163.0,427.0,924.0,0.0,WI,Wisconsin,14.100000000000001,42.0
55079,371266.0,52231.0,77053.0,81547.0,81547.0,WI,Wisconsin,10.399999999999999,37.6
55081,13219.0,1306.0,1887.0,8191.0,5747.0,WI,Wisconsin,9.25,34.75
55083,9911.0,497.0,1337.0,2488.0,0.0,WI,Wisconsin,9.2,38.7
55085,8765.0,568.0,1161.0,3629.0,1445.0,WI,Wisconsin,9.4,33.6
55087,42181.0,2939.0,5746.0,44722.0,44722.0,WI,Wisconsin,8.05,32.15
55089,13257.0,1242.0,1423.0,29229.0,29215.0,WI,Wisconsin,7.45,28.1
55091,2096.0,181.0,348.0,0.0,0.0,WI,Wisconsin,9.25,36.150000000000006
55093,8243.0,567.0,1037.0,6912.0,2760.0,WI,Wisconsin,7.85,34.05
55095,12823.0,643.0,1951.0,2553.0,1635.0,WI,Wisconsin,9.05,35.7
55097,18941.0,1634.0,2423.0,8394.0,6165.0,WI,Wisconsin,8.0,31.55
55099,4473.0,396.0,965.0,2005.0,0.0,WI,Wisconsin,10.45,35.05
55101,55309.0,5381.0,11889.0,38344.0,38344.0,WI,Wisconsin,9.75,35.95
55103,5580.0,415.0,912.0,9527.0,5922.0,WI,Wisconsin,9.8,39.5
55105,50070.0,3777.0,10528.0,56548.0,56548.0,WI,Wisconsin,9.05,34.5
55107,5257.0,343.0,962.0,5515.0,960.0,WI,Wisconsin,10.55,38.05
55109,13590.0,1003.0,1756.0,9873.0,9532.0,WI,Wisconsin,7.449999999999999,34.7
55111,17012.0,1365.0,3256.0,5987.0,5735.0,WI,Wisconsin,8.75,36.849999999999994
55113,6218.0,457.0,1354.0,5420.0,2140.0,WI,Wisconsin,10.649999999999999,35.95
55115,12059.0,848.0,1738.0,5331.0,1115.0,WI,Wisconsin,9.9,36.349999999999994
55117,27929.0,2873.0,4477.0,12587.0,11929.0,WI,Wisconsin,8.45,32.349999999999994
55119,6461.0,465.0,794.0,6909.0,1110.0,WI,Wisconsin,9.65,39.65
55121,8171.0,627.0,1052.0,3114.0,2442.0,WI,Wisconsin,8.85,35.35
55123,10917.0,1106.0,1037.0,4720.0,685.0,WI,Wisconsin,9.7,39.0
55125,7991.0,390.0,1391.0,2169.0,0.0,WI,Wisconsin,10.25,36.150000000000006
55127,28077.0,2062.0,4610.0,33920.0,33920.0,WI,Wisconsin,8.55,36.5
55129,4975.0,292.0,910.0,2517.0,0.0,WI,Wisconsin,10.05,34.15
55131,21383.0,2063.0,3546.0,43493.0,43493.0,WI,Wisconsin,7.6,33.55
55133,53466.0,5910.0,7444.0,160450.0,160450.0,WI,Wisconsin,7.6,33.85
55135,13792.0,1133.0,2285.0,6854.0,5333.0,WI,Wisconsin,9.0,38.25
55137,7175.0,516.0,1170.0,4343.0,2059.0,WI,Wisconsin,9.9,36.05
55139,44437.0,3881.0,6832.0,61795.0,61366.0,WI,Wisconsin,8.1,37.3
55141,22612.0,1704.0,3962.0,18494.0,12681.0,WI,Wisconsin,9.0,35.0
56001,14488.0,761.0,624.0,10445.0,9612.0,WY,Wyoming,8.0,27.45
56003,3735.0,132.0,233.0,2176.0,219.0,WY,Wyoming,10.2,33.25
56005,11789.0,652.0,854.0,16946.0,14055.0,WY,Wyoming,8.399999999999999,35.95
56007,4438.0,206.0,373.0,9175.0,8153.0,WY,Wyoming,10.2,36.3
56009,3225.0,147.0,439.0,1685.0,1080.0,WY,Wyoming,9.25,31.15
56011,1600.0,83.0,47.0,1910.0,89.0,WY,Wyoming,8.65,30.3
56013,13883.0,690.0,1383.0,7300.0,4298.0,WY,Wyoming,10.7,32.75
56015,3881.0,67.0,382.0,2654.0,818.0,WY,Wyoming,9.649999999999999,29.2
56017,1368.0,82.0,192.0,412.0,142.0,WY,Wyoming,10.8,32.9
56019,2357.0,344.0,26.0,3383.0,2835.0,WY,Wyoming,10.0,33.650000000000006
56021,24082.0,1841.0,2742.0,38984.0,33529.0,WY,Wyoming,8.850000000000001,32.25
56023,4893.0,184.0,256.0,3228.0,2440.0,WY,Wyoming,8.649999999999999,29.2
56025,21064.0,1312.0,2211.0,25626.0,24587.0,WY,Wyoming,8.6,32.5
56027,941.0,32.0,55.0,545.0,279.0,WY,Wyoming,10.600000000000001,34.05
56029,6338.0,443.0,592.0,10996.0,9757.0,WY,Wyoming,8.899999999999999,29.45
56031,2509.0,114.0,276.0,1297.0,711.0,WY,Wyoming,10.100000000000001,35.9
56033,7243.0,578.0,511.0,11221.0,7285.0,WY,Wyoming,8.8,30.45
56035,2138.0,44.0,72.0,2033.0,599.0,WY,Wyoming,8.75,25.35
56037,11016.0,388.0,915.0,9400.0,8915.0,WY,Wyoming,9.2,34.45
56039,4646.0,218.0,190.0,3710.0,2605.0,WY,Wyoming,7.0,21.95
56041,6542.0,302.0,553.0,726.0,14.0,WY,Wyoming,9.0,33.5
56043,2328.0,172.0,169.0,1057.0,885.0,WY,Wyoming,9.75,33.55
56045,2050.0,81.0,144.0,2216.0,1564.0,WY,Wyoming,10.45,34.75
